patient_id,risk_score,risk_tier,predicted_deterioration,actual_outcome,age,apache_ii,news2_total,shock_index
P0000,0.0256,Low,0,0,71,8,1,0.675
P0001,0.0101,Low,0,0,85,15,2,0.825
P0002,0.9923,High,1,1,61,9,6,1.53
P0003,0.0001,Low,0,0,79,14,2,0.784
P0004,0.0006,Low,0,0,45,7,0,0.645
P0005,0.0288,Low,0,0,70,10,2,0.77
P0006,0.9123,High,1,1,26,11,5,0.896
P0007,0.014,Low,0,0,95,10,2,0.643
P0008,0.0046,Low,0,0,80,4,2,0.844
P0009,0.9994,High,1,1,68,11,12,0.989
P0010,1.0,High,1,1,67,21,11,1.166
P0011,0.0001,Low,0,0,35,14,1,0.561
P0012,0.0197,Low,0,0,79,8,1,0.739
P0013,1.0,High,1,1,42,22,8,1.452
P0014,0.005,Low,0,0,75,11,1,0.664
P0015,0.1079,Low,0,0,50,19,2,0.676
P0016,1.0,High,1,1,73,15,7,1.242
P0017,0.0003,Low,0,0,79,7,0,0.58
P0018,0.0078,Low,0,0,62,2,2,0.467
P0019,1.0,High,1,1,64,17,12,1.365
P0020,0.0002,Low,0,0,68,17,0,0.547
P0021,0.0223,Low,0,0,84,14,1,0.749
P0022,0.0075,Low,0,0,62,14,1,0.538
P0023,0.0189,Low,0,0,63,14,2,0.652
P0024,0.0288,Low,0,0,57,12,1,0.636
P0025,0.0159,Low,0,0,89,11,2,0.666
P0026,0.0085,Low,0,0,73,11,1,0.781
P0027,0.0381,Low,0,0,43,5,2,0.762
P0028,0.2559,Low,0,0,53,10,1,0.566
P0029,1.0,High,1,1,59,10,9,1.211
P0030,0.0575,Low,0,0,58,3,0,0.618
P0031,0.0022,Low,0,0,68,14,1,0.581
P0032,0.0198,Low,0,0,77,11,1,0.683
P0033,0.0411,Low,0,0,45,19,0,0.553
P0034,0.0201,Low,0,0,48,10,1,0.631
P0035,0.018,Low,0,0,59,16,0,0.371
P0036,0.0496,Low,0,0,62,16,1,0.498
P0037,0.012,Low,0,0,46,12,0,0.462
P0038,0.006,Low,0,0,58,1,0,0.61
P0039,1.0,High,1,1,59,27,16,2.231
P0040,0.0003,Low,0,0,49,13,0,0.467
P0041,1.0,High,1,1,55,13,13,1.165
P0042,1.0,High,1,1,71,12,10,1.897
P0043,0.0094,Low,0,0,73,10,0,0.56
P0044,0.0024,Low,0,0,77,18,0,0.576
P0045,1.0,High,1,1,47,15,10,1.73
P0046,0.0039,Low,0,0,39,11,2,0.339
P0047,0.0023,Low,0,0,65,15,0,0.523
P0048,0.9998,High,1,1,79,16,10,0.858
P0049,0.0306,Low,0,0,49,14,1,0.337
P0050,0.0004,Low,0,0,80,15,1,0.501
P0051,0.106,Low,0,0,54,1,2,0.696
P0052,1.0,High,1,1,46,18,10,0.905
P0053,0.0094,Low,0,0,55,11,1,0.591
P0054,0.1577,Low,0,0,46,15,1,0.705
P0055,0.1265,Low,0,0,59,4,3,0.559
P0056,0.0437,Low,0,0,82,12,3,0.65
P0057,0.0001,Low,0,0,60,19,0,0.58
P0058,0.9892,High,1,1,51,19,9,1.046
P0059,0.1052,Low,0,0,62,8,0,0.733
P0060,0.934,High,1,1,81,9,5,0.659
P0061,1.0,High,1,1,49,26,9,1.246
P0062,0.0519,Low,0,0,62,12,2,0.632
P0063,0.0106,Low,0,0,70,15,1,0.55
P0064,0.0253,Low,0,0,66,15,1,0.728
P0065,0.0461,Low,0,0,78,10,2,0.873
P0066,0.0197,Low,0,0,72,19,2,0.616
P0067,0.006,Low,0,0,70,10,1,0.801
P0068,0.9955,High,1,1,46,12,13,1.205
P0069,0.0113,Low,0,0,49,19,0,0.507
P0070,0.0341,Low,0,0,45,10,0,0.518
P0071,1.0,High,1,1,78,6,13,1.368
P0072,0.0194,Low,0,0,71,7,1,0.664
P0073,0.9651,High,1,1,35,16,7,0.979
P0074,0.0315,Low,0,0,42,8,0,0.562
P0075,1.0,High,1,1,30,11,10,1.27
P0076,0.0127,Low,0,0,45,8,2,0.574
P0077,0.0148,Low,0,0,84,17,2,0.582
P0078,0.0077,Low,0,0,47,17,0,0.669
P0079,0.1533,Low,0,0,79,5,1,0.498
P0080,0.0928,Low,0,0,78,16,2,0.749
P0081,1.0,High,1,1,75,22,9,0.853
P0082,0.1694,Low,0,0,46,9,2,0.696
P0083,0.0002,Low,0,0,74,11,2,0.607
P0084,0.002,Low,0,0,67,16,0,0.502
P0085,0.2398,Low,0,1,79,17,3,0.753
P0086,0.0002,Low,0,0,44,19,0,0.533
P0087,0.0491,Low,0,0,29,8,1,0.641
P0088,0.0315,Low,0,0,75,13,0,0.645
P0089,0.0095,Low,0,0,73,11,1,0.524
P0090,0.0462,Low,0,0,37,16,0,0.504
P0091,0.9997,High,1,1,57,22,8,1.141
P0092,0.0488,Low,0,0,72,6,2,0.727
P0093,0.9595,High,1,1,68,21,9,1.091
P0094,0.0042,Low,0,0,66,9,0,0.503
P0095,0.0002,Low,0,0,87,5,1,0.669
P0096,0.1314,Low,0,1,54,13,1,0.73
P0097,0.9143,High,1,1,62,33,6,1.265
P0098,0.02,Low,0,0,62,3,0,0.62
P0099,0.993,High,1,1,55,25,6,1.126
P0100,0.1196,Low,0,0,66,19,3,0.882
P0101,0.0325,Low,0,0,49,4,0,0.712
P0102,0.0382,Low,0,0,46,13,1,0.927
P0103,0.0076,Low,0,0,60,15,2,0.637
P0104,0.024,Low,0,0,49,7,0,0.56
P0105,0.1568,Low,0,0,58,14,2,0.886
P0106,0.073,Low,0,0,71,9,1,0.495
P0107,1.0,High,1,1,71,9,13,1.652
P0108,0.9855,High,1,1,95,19,8,1.185
P0109,0.0248,Low,0,0,70,12,0,0.655
P0110,0.0493,Low,0,0,40,5,1,0.513
P0111,0.0082,Low,0,0,33,14,1,0.522
P0112,0.0405,Low,0,0,82,13,1,0.723
P0113,0.0802,Low,0,0,95,5,1,0.436
P0114,0.0002,Low,0,0,69,13,0,0.464
P0115,0.008,Low,0,0,57,4,1,0.799
P0116,0.0116,Low,0,0,75,13,1,0.735
P0117,0.1088,Low,0,0,70,8,1,0.762
P0118,0.0001,Low,0,0,77,19,1,0.486
P0119,0.006,Low,0,0,67,10,3,0.32
P0120,0.0545,Low,0,0,84,12,2,0.639
P0121,0.0001,Low,0,0,95,0,3,0.893
P0122,0.0408,Low,0,0,66,17,0,0.725
P0123,0.0166,Low,0,0,54,6,3,0.402
P0124,0.0001,Low,0,0,71,6,0,0.491
P0125,0.949,High,1,1,74,26,4,0.971
P0126,0.0379,Low,0,0,75,13,0,0.541
P0127,0.8407,High,1,1,95,10,3,0.891
P0128,0.002,Low,0,0,59,21,0,0.4
P0129,0.0161,Low,0,0,56,16,1,0.775
P0130,0.0003,Low,0,0,87,11,1,0.785
P0131,0.0031,Low,0,0,60,16,0,0.475
P0132,0.031,Low,0,0,92,15,0,0.443
P0133,0.0035,Low,0,0,63,5,1,0.4
P0134,0.0001,Low,0,0,58,11,0,0.531
P0135,1.0,High,1,1,95,15,12,1.092
P0136,0.9982,High,1,1,73,17,12,1.081
P0137,0.1802,Low,0,0,61,6,1,0.855
P0138,0.0067,Low,0,0,18,15,0,0.58
P0139,0.9467,High,1,1,24,34,6,1.124
P0140,0.0092,Low,0,0,64,15,0,0.539
P0141,0.0002,Low,0,0,52,17,1,0.594
P0142,0.1842,Low,0,0,46,5,0,0.661
P0143,0.0092,Low,0,0,66,10,1,0.61
P0144,0.0001,Low,0,0,78,15,0,0.463
P0145,0.429,Medium,1,1,36,16,5,0.976
P0146,0.0086,Low,0,0,69,10,0,0.625
P0147,0.0184,Low,0,0,51,16,0,0.616
P0148,0.0076,Low,0,0,68,15,0,0.568
P0149,0.0581,Low,0,0,43,10,2,0.903
P0150,0.0002,Low,0,0,95,15,0,0.43
P0151,0.0001,Low,0,0,65,18,2,0.578
P0152,0.0113,Low,0,0,63,13,0,0.703
P0153,0.0001,Low,0,0,65,11,0,0.501
P0154,0.0124,Low,0,0,83,13,0,0.687
P0155,0.0003,Low,0,0,55,16,1,0.867
P0156,0.0033,Low,0,0,65,19,2,0.742
P0157,0.003,Low,0,0,54,11,2,0.546
P0158,0.0104,Low,0,0,67,3,1,0.747
P0159,0.7233,High,1,1,81,6,6,0.881
P0160,0.0574,Low,0,0,65,11,0,0.564
P0161,0.0023,Low,0,0,49,8,0,0.483
P0162,0.0013,Low,0,0,59,6,1,0.526
P0163,0.0022,Low,0,0,42,2,1,0.358
P0164,0.0028,Low,0,0,58,13,0,0.426
P0165,1.0,High,1,1,68,20,9,0.915
P0166,0.0207,Low,0,0,61,26,0,0.648
P0167,0.9975,High,1,1,59,24,11,1.144
P0168,1.0,High,1,1,40,16,13,1.332
P0169,0.0307,Low,0,0,72,9,3,0.801
P0170,1.0,High,1,1,73,27,9,1.022
P0171,1.0,High,1,1,24,22,15,1.603
P0172,0.2154,Low,0,0,54,11,1,0.5
P0173,0.0283,Low,0,0,63,17,1,0.588
P0174,0.1157,Low,0,0,50,12,0,0.495
P0175,0.0158,Low,0,0,60,14,0,0.519
P0176,0.0045,Low,0,0,32,10,0,0.491
P0177,0.0029,Low,0,0,49,10,0,0.616
P0178,1.0,High,1,1,88,9,9,1.098
P0179,0.0019,Low,0,0,88,15,1,0.711
P0180,0.0179,Low,0,0,69,11,4,0.999
P0181,0.0062,Low,0,0,53,9,2,0.678
P0182,0.0365,Low,0,0,57,9,0,0.555
P0183,1.0,High,1,1,95,15,10,0.69
P0184,1.0,High,1,1,59,5,10,0.806
P0185,0.0137,Low,0,0,70,13,2,0.748
P0186,0.726,High,1,1,74,16,4,1.01
P0187,0.0518,Low,0,0,83,8,2,0.674
P0188,0.9373,High,1,1,67,13,8,0.606
P0189,1.0,High,1,1,82,19,14,2.67
P0190,0.0003,Low,0,0,73,14,0,0.443
P0191,0.0001,Low,0,0,60,8,0,0.474
P0192,0.0076,Low,0,0,41,5,2,0.51
P0193,0.0867,Low,0,0,58,15,2,0.904
P0194,0.0947,Low,0,0,42,11,2,0.495
P0195,0.0018,Low,0,0,84,7,0,0.597
P0196,0.1453,Low,0,0,55,25,2,0.349
P0197,0.0032,Low,0,0,57,17,0,0.741
P0198,0.9956,High,1,1,95,15,7,0.877
P0199,0.1984,Low,0,0,56,9,2,0.628
P0200,0.0003,Low,0,0,67,9,2,0.739
P0201,0.013,Low,0,0,55,15,2,0.539
P0202,0.0133,Low,0,0,54,13,1,0.571
P0203,0.0416,Low,0,0,75,21,0,0.613
P0204,1.0,High,1,1,63,15,11,0.829
P0205,0.0427,Low,0,0,45,10,1,0.766
P0206,0.002,Low,0,0,48,12,2,0.861
P0207,0.0088,Low,0,0,55,9,0,0.594
P0208,0.0023,Low,0,0,74,5,0,0.462
P0209,0.0135,Low,0,0,65,11,1,0.824
P0210,0.0305,Low,0,0,48,12,0,0.645
P0211,0.0177,Low,0,0,58,18,1,0.515
P0212,0.0005,Low,0,0,86,16,1,0.537
P0213,0.0003,Low,0,0,68,13,1,0.588
P0214,1.0,High,1,1,73,16,11,0.924
P0215,0.9612,High,1,1,57,9,5,0.987
P0216,0.0107,Low,0,0,63,15,1,0.809
P0217,0.0122,Low,0,0,87,15,0,0.583
P0218,0.0088,Low,0,0,64,7,2,0.9
P0219,0.0492,Low,0,0,83,9,4,0.916
P0220,0.3253,Medium,1,0,33,2,4,0.914
P0221,0.0114,Low,0,0,46,13,3,0.756
P0222,0.0096,Low,0,0,61,13,2,0.888
P0223,0.0053,Low,0,0,37,12,3,0.654
P0224,0.0185,Low,0,0,47,19,0,0.663
P0225,0.0003,Low,0,0,58,14,1,0.625
P0226,0.9916,High,1,1,58,18,7,1.184
P0227,0.0003,Low,0,0,54,14,1,0.673
P0228,0.99,High,1,1,61,20,7,0.794
P0229,0.9992,High,1,1,47,21,8,0.77
P0230,0.9987,High,1,1,38,2,7,0.994
P0231,0.0096,Low,0,0,44,10,2,0.464
P0232,0.0003,Low,0,0,53,7,1,0.602
P0233,0.0231,Low,0,0,18,9,1,0.523
P0234,0.0001,Low,0,0,63,11,0,0.543
P0235,0.0064,Low,0,0,75,13,0,0.488
P0236,0.0052,Low,0,0,73,24,1,0.781
P0237,0.0801,Low,0,0,65,16,2,0.775
P0238,0.0161,Low,0,0,82,13,1,0.571
P0239,0.0003,Low,0,0,57,19,0,0.63
P0240,0.0106,Low,0,0,76,8,2,0.779
P0241,0.089,Low,0,0,62,12,1,0.678
P0242,0.0656,Low,0,0,76,14,1,0.432
P0243,0.2612,Low,0,0,64,13,3,0.518
P0244,0.8545,High,1,1,55,20,2,0.857
P0245,0.0038,Low,0,0,44,14,0,0.556
P0246,0.0899,Low,0,0,78,15,1,0.751
P0247,0.0061,Low,0,0,61,20,1,0.498
P0248,1.0,High,1,1,44,19,12,1.376
P0249,0.9887,High,1,1,67,15,8,0.583
P0250,0.0309,Low,0,0,66,26,2,0.806
P0251,1.0,High,1,1,74,24,11,1.482
P0252,0.0022,Low,0,0,68,15,1,0.756
P0253,0.0001,Low,0,0,95,9,0,0.439
P0254,0.9997,High,1,1,49,22,12,1.338
P0255,0.0011,Low,0,0,51,9,1,0.686
P0256,0.1092,Low,0,0,50,12,0,0.685
P0257,0.0046,Low,0,0,67,8,1,0.848
P0258,0.0002,Low,0,0,67,9,1,0.76
P0259,0.0001,Low,0,0,57,10,1,0.537
P0260,0.9862,High,1,1,77,20,11,1.19
P0261,0.9992,High,1,1,36,0,9,0.82
P0262,0.0001,Low,0,0,76,6,3,0.491
P0263,1.0,High,1,1,63,26,13,1.044
P0264,1.0,High,1,1,61,23,14,1.248
P0265,0.0073,Low,0,0,80,8,1,0.702
P0266,0.017,Low,0,0,71,13,0,0.676
P0267,0.0313,Low,0,0,82,3,1,0.607
P0268,0.8649,High,1,1,52,30,5,0.745
P0269,0.0187,Low,0,0,84,8,0,0.507
P0270,0.9935,High,1,1,55,6,6,0.911
P0271,0.009,Low,0,0,73,13,0,0.455
P0272,0.0098,Low,0,0,77,16,0,0.502
P0273,0.0466,Low,0,0,60,18,1,0.702
P0274,1.0,High,1,1,48,23,13,1.171
P0275,0.0418,Low,0,0,43,9,1,0.696
P0276,0.0001,Low,0,0,87,16,1,0.535
P0277,0.0005,Low,0,0,45,9,2,0.608
P0278,0.803,High,1,1,63,15,4,0.948
P0279,0.0051,Low,0,0,26,12,1,0.68
P0280,0.0032,Low,0,0,53,8,3,0.323
P0281,0.117,Low,0,0,61,6,2,0.759
P0282,0.0004,Low,0,0,57,19,0,0.663
P0283,0.0105,Low,0,0,80,10,0,0.524
P0284,0.0107,Low,0,0,72,13,1,0.749
P0285,0.005,Low,0,0,60,15,0,0.704
P0286,0.0004,Low,0,0,72,11,1,0.611
P0287,0.0021,Low,0,0,38,11,0,0.529
P0288,1.0,High,1,1,71,10,8,1.042
P0289,0.0139,Low,0,0,89,14,0,0.64
P0290,0.0852,Low,0,0,78,13,0,0.63
P0291,0.0783,Low,0,0,71,16,4,0.301
P0292,0.0066,Low,0,0,95,13,2,0.778
P0293,1.0,High,1,1,50,13,11,1.627
P0294,0.0086,Low,0,0,68,10,1,0.486
P0295,1.0,High,1,1,56,21,8,1.104
P0296,0.0052,Low,0,0,67,15,2,0.924
P0297,0.0387,Low,0,0,46,0,1,0.817
P0298,0.007,Low,0,0,56,7,0,0.461
P0299,0.0454,Low,0,0,62,6,2,0.819
P0300,0.9204,High,1,1,89,13,3,0.692
P0301,0.0503,Low,0,0,75,11,0,0.632
P0302,0.0704,Low,0,0,77,7,2,0.863
P0303,1.0,High,1,1,48,7,8,1.029
P0304,0.142,Low,0,0,64,9,1,0.549
P0305,1.0,High,1,1,70,26,15,1.425
P0306,0.9931,High,1,1,58,22,9,0.904
P0307,0.0005,Low,0,0,60,15,2,0.827
P0308,0.0101,Low,0,0,63,15,0,0.583
P0309,0.0002,Low,0,0,87,5,2,0.844
P0310,0.0001,Low,0,0,64,11,1,0.618
P0311,0.9623,High,1,1,45,18,4,0.867
P0312,0.0081,Low,0,0,67,0,0,0.674
P0313,0.0193,Low,0,0,58,17,0,0.553
P0314,1.0,High,1,1,52,10,10,1.069
P0315,0.0003,Low,0,0,95,10,0,0.623
P0316,0.9964,High,1,1,46,25,14,1.644
P0317,0.0126,Low,0,0,33,9,0,0.647
P0318,0.0036,Low,0,0,86,11,2,0.598
P0319,0.0182,Low,0,0,53,12,0,0.728
P0320,0.367,Medium,1,0,95,6,5,1.101
P0321,0.002,Low,0,0,65,10,2,0.84
P0322,0.9923,High,1,1,43,21,10,0.932
P0323,0.0137,Low,0,0,54,9,0,0.581
P0324,0.0163,Low,0,0,87,11,2,0.678
P0325,0.0633,Low,0,0,85,6,2,0.59
P0326,0.0414,Low,0,0,50,9,1,0.794
P0327,0.0231,Low,0,0,53,11,2,0.581
P0328,0.0006,Low,0,0,31,11,2,0.865
P0329,0.1971,Low,0,0,70,14,1,0.545
P0330,0.2147,Low,0,0,71,14,4,0.476
P0331,0.9466,High,1,1,80,10,4,0.711
P0332,1.0,High,1,1,41,12,12,2.078
P0333,0.9669,High,1,1,74,12,11,1.078
P0334,0.0438,Low,0,0,88,16,4,1.197
P0335,1.0,High,1,1,52,21,13,1.423
P0336,0.0271,Low,0,0,76,20,2,0.443
P0337,0.9989,High,1,1,47,18,10,1.14
P0338,0.9831,High,1,1,67,15,6,0.998
P0339,0.0051,Low,0,0,81,24,1,0.642
P0340,1.0,High,1,1,89,7,12,1.946
P0341,0.0159,Low,0,0,49,16,2,0.673
P0342,1.0,High,1,1,84,19,11,0.99
P0343,0.0018,Low,0,0,61,7,0,0.51
P0344,0.002,Low,0,0,47,9,2,0.578
P0345,0.2159,Low,0,0,48,14,3,1.096
P0346,0.1928,Low,0,0,48,25,0,0.568
P0347,0.1544,Low,0,0,54,25,1,0.716
P0348,0.0026,Low,0,0,79,4,0,0.496
P0349,0.0007,Low,0,0,75,10,1,0.646
P0350,0.0003,Low,0,0,68,9,1,0.499
P0351,0.018,Low,0,0,40,9,1,0.689
P0352,0.0038,Low,0,0,54,15,3,0.886
P0353,1.0,High,1,1,64,11,13,2.653
P0354,0.0081,Low,0,0,18,9,2,0.738
P0355,0.014,Low,0,0,75,6,3,0.921
P0356,0.0187,Low,0,0,51,12,1,0.54
P0357,0.0071,Low,0,0,36,10,0,0.726
P0358,0.0001,Low,0,0,50,15,1,0.442
P0359,0.0062,Low,0,0,62,22,0,0.661
P0360,0.0023,Low,0,0,81,16,1,0.577
P0361,1.0,High,1,1,64,17,7,0.872
P0362,1.0,High,1,1,62,0,13,1.822
P0363,1.0,High,1,1,59,10,14,1.387
P0364,1.0,High,1,1,95,13,13,1.708
P0365,0.0438,Low,0,0,67,2,0,0.61
P0366,0.0001,Low,0,0,55,9,0,0.531
P0367,0.0022,Low,0,0,60,17,0,0.507
P0368,0.0287,Low,0,0,61,10,1,0.622
P0369,0.0003,Low,0,0,95,10,0,0.42
P0370,1.0,High,1,1,59,13,12,0.998
P0371,0.9916,High,1,1,66,19,6,1.019
P0372,0.0091,Low,0,0,63,18,1,0.737
P0373,0.0028,Low,0,0,71,15,2,0.732
P0374,0.1602,Low,0,0,63,5,1,0.928
P0375,0.0052,Low,0,0,56,12,0,0.807
P0376,0.0003,Low,0,0,49,16,0,0.611
P0377,0.0937,Low,0,0,78,18,4,0.847
P0378,0.8828,High,1,1,85,24,6,1.071
P0379,0.0527,Low,0,0,71,16,0,0.493
P0380,0.999,High,1,1,62,0,11,1.592
P0381,0.0034,Low,0,0,55,13,0,0.456
P0382,0.0482,Low,0,0,58,9,3,0.755
P0383,0.0538,Low,0,0,76,4,0,0.594
P0384,0.0034,Low,0,0,94,1,1,0.863
P0385,0.9906,High,1,1,74,16,5,0.732
P0386,0.0132,Low,0,0,60,14,1,0.779
P0387,0.9997,High,1,1,54,9,13,1.933
P0388,1.0,High,1,1,83,26,13,1.456
P0389,0.0002,Low,0,0,70,14,0,0.518
P0390,1.0,High,1,1,38,27,8,1.022
P0391,0.0547,Low,0,0,76,11,2,0.906
P0392,1.0,High,1,1,55,18,12,1.579
P0393,1.0,High,1,1,53,10,11,1.674
P0394,0.0034,Low,0,0,72,16,0,0.509
P0395,0.0002,Low,0,0,77,19,0,0.62
P0396,1.0,High,1,1,50,25,12,1.828
P0397,0.0805,Low,0,0,34,7,1,0.655
P0398,0.0002,Low,0,0,72,12,2,0.723
P0399,0.0078,Low,0,0,83,9,3,0.826
P0400,1.0,High,1,1,70,9,11,1.755
P0401,1.0,High,1,1,78,30,5,0.989
P0402,0.9998,High,1,1,35,20,10,0.885
P0403,0.9635,High,1,1,77,29,4,0.863
P0404,0.9857,High,1,1,58,27,7,0.591
P0405,0.0117,Low,0,0,52,8,0,0.574
P0406,0.0023,Low,0,0,52,20,2,0.544
P0407,0.0158,Low,0,0,44,3,1,0.567
P0408,0.0628,Low,0,0,61,7,1,0.622
P0409,0.0005,Low,0,0,91,23,0,0.68
P0410,1.0,High,1,1,62,15,13,1.406
P0411,0.0454,Low,0,0,77,3,0,0.545
P0412,0.0201,Low,0,0,66,12,2,1.032
P0413,1.0,High,1,1,66,6,11,1.15
P0414,0.0023,Low,0,0,18,8,0,0.587
P0415,0.0558,Low,0,0,81,8,0,0.741
P0416,0.0062,Low,0,0,52,11,0,0.44
P0417,1.0,High,1,1,61,18,10,1.159
P0418,0.0123,Low,0,0,65,12,1,0.58
P0419,1.0,High,1,1,63,15,12,1.203
P0420,0.01,Low,0,0,80,15,0,0.675
P0421,0.0626,Low,0,0,71,16,4,0.546
P0422,0.0045,Low,0,0,72,7,1,0.598
P0423,0.0088,Low,0,0,95,0,2,0.497
P0424,0.0023,Low,0,0,55,9,1,0.689
P0425,1.0,High,1,1,66,14,8,1.511
P0426,0.0437,Low,0,0,51,7,1,0.502
P0427,1.0,High,1,1,57,19,9,1.091
P0428,0.0192,Low,0,0,52,27,0,0.663
P0429,0.9971,High,1,1,47,16,8,1.191
P0430,0.0229,Low,0,0,73,23,1,0.883
P0431,0.0041,Low,0,0,80,12,2,0.8
P0432,0.001,Low,0,0,48,12,0,0.644
P0433,0.3748,Medium,1,0,76,14,1,0.5
P0434,0.007,Low,0,0,65,8,0,0.454
P0435,0.008,Low,0,0,39,18,0,0.591
P0436,0.0718,Low,0,0,76,17,3,0.954
P0437,0.0898,Low,0,0,41,15,1,0.631
P0438,0.999,High,1,1,42,22,9,1.707
P0439,0.0201,Low,0,0,77,10,0,0.652
P0440,0.0339,Low,0,0,79,7,0,0.467
P0441,0.009,Low,0,0,78,5,2,0.846
P0442,0.019,Low,0,0,49,12,0,0.531
P0443,0.0183,Low,0,0,59,8,3,0.891
P0444,0.0035,Low,0,0,67,10,1,0.658
P0445,0.0129,Low,0,0,83,14,1,0.746
P0446,0.0023,Low,0,0,81,10,0,0.609
P0447,0.0001,Low,0,0,39,11,1,0.415
P0448,0.0399,Low,0,0,53,6,1,0.58
P0449,0.0136,Low,0,0,46,13,1,0.634
P0450,0.1377,Low,0,0,53,10,1,0.729
P0451,0.9458,High,1,1,52,27,9,1.274
P0452,0.0001,Low,0,0,81,11,1,0.671
P0453,1.0,High,1,1,68,12,12,0.985
P0454,0.0018,Low,0,0,68,18,1,0.579
P0455,0.003,Low,0,0,95,8,1,0.365
P0456,0.2812,Low,0,0,53,11,5,0.684
P0457,0.0042,Low,0,0,67,11,0,0.667
P0458,0.0517,Low,0,0,65,16,1,0.745
P0459,1.0,High,1,1,93,22,5,1.226
P0460,0.0276,Low,0,0,77,14,1,0.521
P0461,0.5266,Medium,1,1,87,31,0,0.722
P0462,0.0986,Low,0,0,95,15,2,0.712
P0463,1.0,High,1,1,22,9,10,1.863
P0464,0.1091,Low,0,0,52,11,2,0.725
P0465,0.0749,Low,0,0,59,20,0,0.631
P0466,0.0626,Low,0,0,41,14,1,0.811
P0467,0.0106,Low,0,0,74,21,1,0.654
P0468,0.0003,Low,0,0,39,8,0,0.552
P0469,0.9991,High,1,1,61,18,9,1.121
P0470,0.0123,Low,0,0,53,17,2,0.735
P0471,0.0041,Low,0,0,73,15,0,0.63
P0472,0.0063,Low,0,0,47,8,1,0.571
P0473,0.0123,Low,0,0,75,10,1,0.588
P0474,0.0038,Low,0,0,56,17,1,0.481
P0475,0.0001,Low,0,0,52,18,2,0.565
P0476,0.9286,High,1,1,59,5,6,0.778
P0477,1.0,High,1,1,53,17,9,1.083
P0478,0.9983,High,1,1,86,14,7,0.951
P0479,0.0816,Low,0,0,41,13,1,0.731
P0480,0.0027,Low,0,0,63,11,0,0.453
P0481,0.1656,Low,0,0,68,13,1,0.556
P0482,0.0025,Low,0,0,48,17,1,0.791
P0483,0.5011,Medium,1,1,63,13,4,0.839
P0484,0.0036,Low,0,0,64,9,0,0.695
P0485,0.1261,Low,0,0,52,12,0,0.672
P0486,1.0,High,1,1,74,1,8,0.859
P0487,0.0236,Low,0,0,65,18,1,0.788
P0488,1.0,High,1,1,78,11,13,1.098
P0489,0.0002,Low,0,0,57,11,0,0.572
P0490,0.0501,Low,0,0,44,12,3,0.696
P0491,0.005,Low,0,0,68,6,0,0.659
P0492,0.0703,Low,0,0,88,8,0,0.629
P0493,1.0,High,1,1,39,8,12,1.827
P0494,1.0,High,1,1,55,16,12,1.345
P0495,0.0041,Low,0,0,55,12,0,0.523
P0496,0.0183,Low,0,0,69,8,0,0.566
P0497,0.012,Low,0,0,50,8,0,0.415
P0498,0.0001,Low,0,0,78,10,1,0.44
P0499,0.0528,Low,0,0,78,7,3,0.587
P0500,0.0186,Low,0,0,59,15,1,0.519
P0501,0.0341,Low,0,0,58,15,1,0.703
P0502,0.0361,Low,0,0,74,13,0,0.562
P0503,0.0045,Low,0,0,55,14,1,0.707
P0504,1.0,High,1,1,34,23,12,1.108
P0505,0.9996,High,1,1,77,22,12,1.613
P0506,0.0443,Low,0,0,59,14,0,0.577
P0507,0.0541,Low,0,0,69,19,0,0.632
P0508,0.0862,Low,0,0,79,13,2,0.742
P0509,0.0281,Low,0,0,39,14,2,0.797
P0510,0.1917,Low,0,0,80,9,1,0.774
P0511,0.278,Low,0,0,92,11,0,0.468
P0512,0.0086,Low,0,0,39,18,0,0.659
P0513,0.0115,Low,0,0,80,6,1,0.624
P0514,0.9662,High,1,1,95,27,7,1.076
P0515,0.9579,High,1,1,75,11,3,0.765
P0516,0.0001,Low,0,0,55,21,0,0.55
P0517,0.999,High,1,1,45,7,6,1.149
P0518,0.0411,Low,0,0,66,13,2,0.683
P0519,0.0001,Low,0,0,69,11,0,0.607
P0520,0.0059,Low,0,0,66,6,1,0.746
P0521,0.0079,Low,0,0,49,11,1,0.738
P0522,1.0,High,1,1,40,17,9,1.138
P0523,0.0123,Low,0,0,67,12,1,0.681
P0524,0.0076,Low,0,0,45,13,2,0.628
P0525,0.8963,High,1,1,72,16,4,0.644
P0526,0.0522,Low,0,0,86,12,1,0.856
P0527,0.0654,Low,0,0,88,11,0,0.752
P0528,1.0,High,1,1,58,11,8,1.167
P0529,0.0478,Low,0,0,61,6,2,0.87
P0530,0.0139,Low,0,0,78,12,4,0.831
P0531,0.0073,Low,0,0,76,10,1,0.482
P0532,0.1245,Low,0,0,22,5,2,0.616
P0533,0.0001,Low,0,0,56,12,0,0.736
P0534,0.9936,High,1,1,52,14,6,0.928
P0535,0.0004,Low,0,0,81,9,1,0.547
P0536,0.0968,Low,0,0,66,17,1,0.514
P0537,0.014,Low,0,0,62,12,0,0.542
P0538,0.0001,Low,0,0,69,6,1,0.77
P0539,0.9974,High,1,1,50,18,8,1.102
P0540,0.0206,Low,0,0,50,5,3,0.328
P0541,0.9367,High,1,1,42,23,5,0.992
P0542,0.0052,Low,0,0,37,14,0,0.577
P0543,0.0303,Low,0,0,66,15,2,0.458
P0544,0.0375,Low,0,0,59,9,0,0.62
P0545,1.0,High,1,1,95,18,10,1.217
P0546,0.0001,Low,0,0,58,9,0,0.578
P0547,1.0,High,1,1,63,11,11,1.574
P0548,0.0171,Low,0,0,62,11,1,0.411
P0549,0.0312,Low,0,0,85,9,1,0.691
P0550,0.0003,Low,0,0,60,10,0,0.568
P0551,0.13,Low,0,0,88,19,2,0.934
P0552,0.0143,Low,0,0,62,22,1,0.655
P0553,0.0001,Low,0,0,47,2,0,0.532
P0554,0.0003,Low,0,0,75,12,0,0.682
P0555,0.0202,Low,0,0,68,7,0,0.621
P0556,0.0151,Low,0,0,82,8,1,0.58
P0557,1.0,High,1,1,95,26,12,1.077
P0558,1.0,High,1,1,43,16,9,0.79
P0559,0.0075,Low,0,0,68,9,3,0.659
P0560,0.0336,Low,0,0,84,14,0,0.627
P0561,0.4173,Medium,1,1,65,20,5,0.795
P0562,0.9997,High,1,1,41,8,10,1.257
P0563,0.0746,Low,0,0,49,9,0,0.562
P0564,0.0023,Low,0,0,74,14,2,0.797
P0565,0.0001,Low,0,0,34,5,0,0.52
P0566,0.0049,Low,0,0,80,14,0,0.596
P0567,0.0044,Low,0,0,40,13,0,0.64
P0568,0.0207,Low,0,0,57,21,1,0.651
P0569,0.9942,High,1,1,79,21,10,1.158
P0570,0.0633,Low,0,0,71,14,1,0.762
P0571,0.0717,Low,0,0,63,10,2,0.816
P0572,0.0484,Low,0,0,67,17,2,0.706
P0573,0.1126,Low,0,0,57,4,0,0.571
P0574,0.7054,High,1,1,39,22,6,1.205
P0575,0.0003,Low,0,0,74,9,2,0.691
P0576,0.0134,Low,0,0,72,22,1,0.738
P0577,0.0423,Low,0,0,61,18,4,0.654
P0578,0.0093,Low,0,0,65,18,2,0.782
P0579,0.0084,Low,0,0,80,12,1,0.619
P0580,1.0,High,1,1,32,20,14,1.48
P0581,0.0002,Low,0,0,41,1,0,0.627
P0582,0.0122,Low,0,0,76,6,2,0.903
P0583,0.0023,Low,0,0,48,15,1,0.665
P0584,0.015,Low,0,0,69,11,0,0.593
P0585,0.9972,High,1,1,70,11,8,1.09
P0586,0.0039,Low,0,0,67,16,0,0.376
P0587,0.0022,Low,0,0,69,9,2,0.786
P0588,1.0,High,1,1,72,12,10,0.911
P0589,0.0043,Low,0,0,66,11,1,0.595
P0590,0.2132,Low,0,0,55,12,0,0.763
P0591,0.0464,Low,0,0,48,11,1,0.676
P0592,0.9965,High,1,1,73,8,9,0.923
P0593,0.0026,Low,0,0,84,8,2,0.632
P0594,0.0006,Low,0,0,65,14,0,0.67
P0595,0.0764,Low,0,0,35,13,0,0.674
P0596,0.0038,Low,0,0,95,12,2,0.545
P0597,0.1008,Low,0,0,71,12,3,0.624
P0598,0.0855,Low,0,0,81,13,1,0.737
P0599,0.0009,Low,0,0,34,11,0,0.378
P0600,0.0112,Low,0,0,53,8,1,0.537
P0601,0.9926,High,1,1,63,8,5,0.626
P0602,0.0047,Low,0,0,54,13,2,0.439
P0603,0.0045,Low,0,0,53,11,0,0.52
P0604,0.0002,Low,0,0,87,12,3,0.567
P0605,0.0031,Low,0,0,77,8,2,0.698
P0606,0.9629,High,1,1,63,11,14,1.814
P0607,0.0099,Low,0,0,38,13,2,0.875
P0608,0.0001,Low,0,0,64,19,1,0.63
P0609,0.0022,Low,0,0,70,8,0,0.494
P0610,0.0007,Low,0,0,64,11,0,0.446
P0611,0.0266,Low,0,0,68,5,1,0.731
P0612,0.9755,High,1,1,69,18,7,0.992
P0613,0.0003,Low,0,0,75,16,1,0.721
P0614,1.0,High,1,1,58,11,10,1.257
P0615,1.0,High,1,1,77,12,11,1.389
P0616,0.9893,High,1,1,88,15,7,0.876
P0617,0.9574,High,1,1,73,13,6,0.947
P0618,0.0051,Low,0,0,64,13,1,0.44
P0619,0.0198,Low,0,0,30,9,0,0.576
P0620,0.6888,High,1,1,69,18,6,0.728
P0621,0.0317,Low,0,0,51,23,1,0.864
P0622,0.0177,Low,0,0,91,16,1,0.738
P0623,0.0161,Low,0,0,67,14,2,0.755
P0624,0.8499,High,1,1,69,21,4,0.857
P0625,0.0001,Low,0,0,31,11,1,0.833
P0626,0.0225,Low,0,0,65,15,0,0.546
P0627,0.0191,Low,0,0,58,6,1,0.613
P0628,0.6786,High,1,1,65,20,6,1.021
P0629,0.0862,Low,0,0,70,16,3,0.58
P0630,0.1234,Low,0,0,47,6,2,0.855
P0631,0.0613,Low,0,0,74,10,2,0.59
P0632,1.0,High,1,1,61,15,13,0.827
P0633,1.0,High,1,1,56,24,11,1.185
P0634,0.0031,Low,0,0,61,8,1,0.65
P0635,0.0001,Low,0,0,62,14,2,0.657
P0636,0.0061,Low,0,0,57,11,2,0.82
P0637,0.0003,Low,0,0,50,10,1,0.674
P0638,0.0675,Low,0,0,60,20,0,0.61
P0639,0.0036,Low,0,0,72,14,1,0.562
P0640,0.0901,Low,0,0,53,8,2,0.785
P0641,0.0644,Low,0,0,93,17,0,0.694
P0642,0.0325,Low,0,0,74,16,0,0.445
P0643,0.3236,Medium,1,0,56,11,1,0.649
P0644,0.0294,Low,0,0,82,15,0,0.441
P0645,0.0003,Low,0,0,62,10,2,0.738
P0646,0.0002,Low,0,0,52,8,0,0.582
P0647,0.899,High,1,1,54,9,2,0.692
P0648,0.0036,Low,0,0,80,6,1,0.501
P0649,0.9981,High,1,1,42,14,8,0.964
P0650,0.7888,High,1,1,72,28,8,1.194
P0651,0.0145,Low,0,0,40,20,3,0.992
P0652,0.0138,Low,0,0,76,7,0,0.394
P0653,0.0081,Low,0,0,68,14,1,0.804
P0654,0.9572,High,1,1,65,18,3,0.876
P0655,0.999,High,1,1,74,24,14,1.595
P0656,0.1009,Low,0,0,40,17,2,0.566
P0657,1.0,High,1,1,55,19,11,1.328
P0658,0.0381,Low,0,0,62,11,2,0.655
P0659,1.0,High,1,1,70,16,13,1.152
P0660,0.999,High,1,1,66,17,11,1.259
P0661,1.0,High,1,1,43,10,13,1.277
P0662,0.006,Low,0,0,72,14,2,0.548
P0663,0.0128,Low,0,0,55,8,0,0.611
P0664,0.0228,Low,0,0,76,0,2,0.8
P0665,1.0,High,1,1,45,9,10,1.275
P0666,0.0261,Low,0,0,39,12,1,0.49
P0667,0.9808,High,1,1,51,14,4,0.848
P0668,0.0228,Low,0,0,23,9,1,0.594
P0669,0.0004,Low,0,0,50,10,2,0.689
P0670,0.0114,Low,0,0,49,14,1,0.63
P0671,0.0003,Low,0,0,37,17,1,0.598
P0672,0.0322,Low,0,0,25,19,1,0.689
P0673,0.0065,Low,0,0,41,18,1,0.653
P0674,0.9997,High,1,1,36,16,8,0.951
P0675,1.0,High,1,1,54,12,11,1.467
P0676,0.0079,Low,0,0,77,10,1,0.619
P0677,0.0894,Low,0,0,56,9,3,0.885
P0678,0.0018,Low,0,0,53,5,0,0.5
P0679,0.0007,Low,0,0,66,7,1,0.465
P0680,0.0002,Low,0,0,74,11,1,0.459
P0681,0.0041,Low,0,0,29,2,2,0.431
P0682,0.0095,Low,0,0,51,8,1,0.433
P0683,0.0076,Low,0,0,95,9,1,0.508
P0684,1.0,High,1,1,64,11,9,1.025
P0685,0.8138,High,1,1,60,17,4,1.22
P0686,0.0892,Low,0,0,65,16,0,0.716
P0687,0.9997,High,1,1,29,8,10,0.86
P0688,0.0298,Low,0,0,66,12,1,0.543
P0689,0.0743,Low,0,0,95,5,1,0.571
P0690,0.0005,Low,0,0,84,20,2,0.596
P0691,0.0343,Low,0,0,95,16,1,0.736
P0692,0.0077,Low,0,0,61,9,1,0.524
P0693,0.1452,Low,0,0,49,11,0,0.685
P0694,0.1128,Low,0,0,61,18,3,0.854
P0695,0.0142,Low,0,0,73,9,0,0.599
P0696,0.0051,Low,0,0,50,9,0,0.587
P0697,0.0002,Low,0,0,40,8,0,0.389
P0698,0.0002,Low,0,0,56,10,0,0.699
P0699,0.0069,Low,0,0,84,8,1,0.634
P0700,1.0,High,1,1,73,9,11,1.478
P0701,0.0002,Low,0,0,63,10,1,0.556
P0702,0.1004,Low,0,0,55,4,1,0.697
P0703,0.0028,Low,0,0,68,10,0,0.548
P0704,0.0073,Low,0,0,70,16,0,0.669
P0705,0.1002,Low,0,0,65,16,1,0.806
P0706,0.0002,Low,0,0,56,21,0,0.46
P0707,1.0,High,1,1,80,21,6,2.036
P0708,0.0303,Low,0,0,66,13,0,0.435
P0709,0.0003,Low,0,0,64,8,1,0.613
P0710,0.001,Low,0,0,58,14,0,0.652
P0711,1.0,High,1,1,81,15,9,0.972
P0712,0.1317,Low,0,0,84,14,3,0.594
P0713,1.0,High,1,1,78,23,13,2.083
P0714,0.1896,Low,0,0,68,1,2,0.75
P0715,1.0,High,1,1,76,20,9,1.308
P0716,1.0,High,1,1,87,8,7,0.849
P0717,0.0101,Low,0,0,65,12,0,0.424
P0718,0.9938,High,1,1,61,8,12,2.069
P0719,0.0003,Low,0,0,72,10,1,0.838
P0720,1.0,High,1,1,66,15,9,1.465
P0721,0.0009,Low,0,0,55,8,1,0.587
P0722,1.0,High,1,1,76,12,12,0.791
P0723,0.006,Low,0,0,43,9,1,0.611
P0724,0.0232,Low,0,0,57,7,3,0.841
P0725,0.9982,High,1,1,44,26,13,1.501
P0726,0.0362,Low,0,0,56,5,1,0.833
P0727,0.9892,High,1,1,43,9,10,1.056
P0728,0.0324,Low,0,0,68,16,0,0.532
P0729,0.005,Low,0,0,78,15,1,0.548
P0730,0.9953,High,1,1,82,18,5,0.625
P0731,0.0003,Low,0,0,58,13,0,0.712
P0732,0.0003,Low,0,0,59,12,1,0.572
P0733,0.0708,Low,0,0,61,10,4,0.748
P0734,0.0084,Low,0,0,71,8,0,0.735
P0735,0.0001,Low,0,0,74,11,1,0.62
P0736,0.0003,Low,0,0,57,12,1,0.745
P0737,0.0167,Low,0,0,59,12,3,0.859
P0738,0.0041,Low,0,0,63,9,3,0.519
P0739,0.0042,Low,0,0,63,4,1,0.5
P0740,0.1068,Low,0,0,56,10,4,0.747
P0741,0.6754,High,1,1,89,25,2,0.754
P0742,0.7946,High,1,1,57,19,6,0.718
P0743,0.0071,Low,0,0,56,16,1,0.483
P0744,0.003,Low,0,0,46,8,0,0.575
P0745,0.1119,Low,0,0,53,13,3,0.976
P0746,0.0014,Low,0,0,84,12,0,0.588
P0747,0.0076,Low,0,0,66,16,0,0.679
P0748,0.0113,Low,0,0,77,9,0,0.637
P0749,0.0004,Low,0,0,92,1,2,0.497
P0750,0.0153,Low,0,0,47,17,0,0.659
P0751,0.0096,Low,0,0,56,12,1,0.449
P0752,0.9996,High,1,1,82,21,11,1.451
P0753,0.004,Low,0,0,37,14,2,0.877
P0754,0.095,Low,0,0,51,3,1,0.419
P0755,0.2199,Low,0,0,45,9,1,0.785
P0756,0.2313,Low,0,1,68,26,2,0.551
P0757,0.0207,Low,0,0,83,20,2,0.523
P0758,0.0019,Low,0,0,62,16,0,0.496
P0759,0.0003,Low,0,0,63,13,1,0.733
P0760,0.0619,Low,0,0,46,11,2,0.674
P0761,0.0105,Low,0,0,62,7,0,0.506
P0762,0.0831,Low,0,0,57,7,1,0.732
P0763,0.0163,Low,0,0,50,15,1,0.652
P0764,0.9984,High,1,1,81,14,8,0.882
P0765,1.0,High,1,1,61,16,13,1.44
P0766,0.0295,Low,0,0,37,11,1,0.487
P0767,0.0111,Low,0,0,60,9,0,0.77
P0768,0.0115,Low,0,0,44,9,1,0.867
P0769,0.0001,Low,0,0,45,25,0,0.579
P0770,0.0267,Low,0,0,76,12,0,0.534
P0771,0.0003,Low,0,0,58,9,1,0.636
P0772,0.0823,Low,0,0,55,0,1,0.555
P0773,0.0038,Low,0,0,46,8,1,0.62
P0774,0.0301,Low,0,0,72,10,1,0.802
P0775,0.025,Low,0,0,84,8,0,0.63
P0776,1.0,High,1,1,71,11,11,1.156
P0777,0.0026,Low,0,0,63,20,0,0.52
P0778,0.9152,High,1,1,63,24,10,0.888
P0779,0.0003,Low,0,0,65,8,0,0.438
P0780,1.0,High,1,1,79,24,13,2.282
P0781,0.0557,Low,0,0,69,9,0,0.487
P0782,0.0078,Low,0,0,73,13,3,0.897
P0783,0.0062,Low,0,0,78,21,0,0.585
P0784,0.0298,Low,0,0,70,13,0,0.399
P0785,0.0002,Low,0,0,49,3,0,0.603
P0786,1.0,High,1,1,73,25,13,1.513
P0787,1.0,High,1,1,45,16,8,1.342
P0788,0.0086,Low,0,0,59,4,1,0.617
P0789,0.0093,Low,0,0,73,9,1,0.711
P0790,0.0001,Low,0,0,65,9,0,0.67
P0791,0.0373,Low,0,0,55,7,0,0.807
P0792,0.0128,Low,0,0,66,9,2,0.642
P0793,0.0004,Low,0,0,83,4,1,0.508
P0794,0.0068,Low,0,0,83,1,1,0.575
P0795,0.9983,High,1,1,73,17,12,0.964
P0796,0.012,Low,0,0,36,15,0,0.679
P0797,0.9983,High,1,1,61,16,9,0.985
P0798,0.0408,Low,0,0,22,14,0,0.618
P0799,0.007,Low,0,0,53,3,1,0.652
P0800,0.0494,Low,0,0,42,8,0,0.694
P0801,0.0019,Low,0,0,53,8,0,0.539
P0802,0.0082,Low,0,0,62,10,3,0.84
P0803,0.0343,Low,0,0,88,19,0,0.591
P0804,0.0064,Low,0,0,41,11,0,0.425
P0805,0.0127,Low,0,0,67,14,1,0.76
P0806,0.047,Low,0,0,64,11,1,0.895
P0807,1.0,High,1,1,42,23,12,1.074
P0808,0.0103,Low,0,0,73,8,0,0.658
P0809,0.0077,Low,0,0,81,13,1,0.544
P0810,1.0,High,1,1,66,13,14,1.894
P0811,1.0,High,1,1,44,34,13,1.834
P0812,0.9985,High,1,1,57,14,11,1.071
P0813,0.2628,Low,0,0,62,15,1,0.59
P0814,0.0001,Low,0,0,56,7,1,0.454
P0815,0.0013,Low,0,0,40,17,0,0.639
P0816,1.0,High,1,1,89,25,11,1.583
P0817,0.0014,Low,0,0,71,9,0,0.545
P0818,0.0443,Low,0,0,66,11,0,0.604
P0819,0.0077,Low,0,0,48,16,1,0.564
P0820,0.5192,Medium,1,1,81,16,5,1.056
P0821,0.0034,Low,0,0,35,12,2,0.698
P0822,0.0311,Low,0,0,83,9,0,0.762
P0823,0.0003,Low,0,0,78,20,0,0.542
P0824,0.9694,High,1,1,81,10,6,0.91
P0825,0.0575,Low,0,0,69,10,2,0.588
P0826,1.0,High,1,1,69,17,8,0.875
P0827,0.0003,Low,0,0,59,8,0,0.624
P0828,0.0018,Low,0,0,63,22,1,0.648
P0829,0.0001,Low,0,0,67,7,1,0.735
P0830,1.0,High,1,1,78,19,10,1.047
P0831,0.0148,Low,0,0,80,15,0,0.524
P0832,1.0,High,1,1,68,7,10,1.746
P0833,0.0029,Low,0,0,71,2,2,0.403
P0834,0.0012,Low,0,0,37,10,0,0.534
P0835,1.0,High,1,1,91,16,11,1.292
P0836,1.0,High,1,1,76,23,13,1.428
P0837,0.0797,Low,0,0,50,6,1,0.624
P0838,1.0,High,1,1,60,29,12,1.839
P0839,0.2298,Low,0,0,68,7,1,0.788
P0840,0.0192,Low,0,0,26,9,1,0.77
P0841,0.0001,Low,0,0,70,15,1,0.521
P0842,0.003,Low,0,0,91,12,1,0.727
P0843,0.0921,Low,0,0,71,13,1,0.646
P0844,0.0063,Low,0,0,50,12,3,0.986
P0845,0.0396,Low,0,0,39,18,0,0.587
P0846,0.0327,Low,0,0,58,9,0,0.629
P0847,0.0022,Low,0,0,65,18,0,0.662
P0848,0.0147,Low,0,0,62,14,2,0.769
P0849,0.006,Low,0,0,46,5,0,0.455
P0850,0.0485,Low,0,0,90,7,2,0.739
P0851,0.097,Low,0,0,42,7,0,0.41
P0852,0.0076,Low,0,0,55,11,0,0.498
P0853,0.0027,Low,0,0,57,14,2,0.623
P0854,0.1946,Low,0,0,43,13,0,0.615
P0855,0.0006,Low,0,0,37,12,2,0.731
P0856,0.0376,Low,0,0,73,7,0,0.524
P0857,0.0239,Low,0,0,70,10,2,0.69
P0858,0.0039,Low,0,0,76,5,0,0.771
P0859,0.0024,Low,0,0,80,13,0,0.729
P0860,0.1162,Low,0,0,71,8,1,0.756
P0861,0.0119,Low,0,0,38,12,3,0.796
P0862,0.0005,Low,0,0,74,14,0,0.469
P0863,0.2675,Low,0,0,53,12,0,0.735
P0864,0.0105,Low,0,0,49,9,1,0.7
P0865,0.0001,Low,0,0,64,14,2,0.772
P0866,0.0159,Low,0,0,66,10,0,0.652
P0867,0.1637,Low,0,0,66,10,0,0.531
P0868,0.131,Low,0,0,43,4,0,0.586
P0869,0.9599,High,1,1,49,14,11,1.281
P0870,0.0556,Low,0,0,45,17,2,1.024
P0871,0.0041,Low,0,0,73,14,1,0.621
P0872,0.0036,Low,0,0,43,15,0,0.549
P0873,0.0024,Low,0,0,68,16,1,0.834
P0874,0.0001,Low,0,0,90,12,1,0.514
P0875,0.0655,Low,0,0,62,10,3,0.723
P0876,0.0003,Low,0,0,69,14,1,0.586
P0877,1.0,High,1,1,46,19,14,1.673
P0878,0.021,Low,0,0,74,4,3,0.909
P0879,0.0381,Low,0,0,75,19,0,0.516
P0880,0.0692,Low,0,0,60,6,1,0.658
P0881,0.0002,Low,0,0,42,0,1,0.625
P0882,0.0001,Low,0,0,88,10,0,0.647
P0883,0.0022,Low,0,0,89,2,1,0.681
P0884,0.0768,Low,0,0,56,16,5,0.631
P0885,0.0095,Low,0,0,69,12,0,0.704
P0886,0.0019,Low,0,0,77,20,0,0.567
P0887,1.0,High,1,1,46,13,12,0.901
P0888,1.0,High,1,1,89,12,15,1.635
P0889,0.0068,Low,0,0,47,20,0,0.579
P0890,0.0024,Low,0,0,18,7,1,0.63
P0891,0.0002,Low,0,0,43,13,1,0.513
P0892,0.869,High,1,1,65,7,7,1.156
P0893,0.0197,Low,0,0,47,12,1,0.568
P0894,0.0018,Low,0,0,88,11,1,0.775
P0895,0.002,Low,0,0,41,20,0,0.582
P0896,0.0241,Low,0,0,74,13,0,0.511
P0897,0.0014,Low,0,0,73,7,1,0.395
P0898,0.0032,Low,0,0,46,6,0,0.752
P0899,0.0001,Low,0,0,52,11,1,0.604
P0900,0.0474,Low,0,0,63,13,3,0.731
P0901,0.0437,Low,0,0,71,23,2,0.698
P0902,0.0025,Low,0,0,71,19,1,0.5
P0903,0.9998,High,1,1,77,0,9,1.055
P0904,0.0722,Low,0,0,92,14,1,0.693
P0905,0.0347,Low,0,0,64,2,1,0.508
P0906,0.0016,Low,0,0,69,18,0,0.621
P0907,0.9866,High,1,1,51,16,6,1.235
P0908,0.0519,Low,0,0,32,8,0,0.506
P0909,0.06,Low,0,0,49,13,0,0.616
P0910,0.0146,Low,0,0,60,12,2,0.428
P0911,0.0015,Low,0,0,43,15,0,0.636
P0912,0.0133,Low,0,0,67,14,2,0.606
P0913,0.9416,High,1,1,54,24,7,0.719
P0914,1.0,High,1,1,42,18,10,1.435
P0915,0.9975,High,1,1,71,25,8,0.824
P0916,0.0303,Low,0,0,63,20,1,0.584
P0917,0.1841,Low,0,0,59,11,3,0.758
P0918,0.0001,Low,0,0,74,21,0,0.551
P0919,0.0405,Low,0,0,63,10,0,0.657
P0920,1.0,High,1,1,47,21,15,1.841
P0921,0.0001,Low,0,0,61,11,1,0.773
P0922,0.0299,Low,0,0,84,12,0,0.54
P0923,0.0026,Low,0,0,69,15,1,0.555
P0924,0.0511,Low,0,0,52,13,2,0.482
P0925,0.0003,Low,0,0,64,18,0,0.642
P0926,1.0,High,1,1,66,10,10,1.266
P0927,0.2619,Low,0,0,78,14,0,0.533
P0928,0.7144,High,1,1,62,16,7,1.211
P0929,1.0,High,1,1,57,20,16,2.053
P0930,0.9976,High,1,1,50,22,6,1.545
P0931,0.9714,High,1,1,73,15,9,0.913
P0932,0.0004,Low,0,0,56,19,1,0.619
P0933,0.0002,Low,0,0,46,4,0,0.56
P0934,0.0517,Low,0,0,46,12,2,0.737
P0935,1.0,High,1,1,69,21,10,1.268
P0936,0.0318,Low,0,0,86,9,3,1.017
P0937,0.0018,Low,0,0,65,9,2,0.717
P0938,0.9996,High,1,1,89,12,5,0.975
P0939,0.0086,Low,0,0,56,15,1,0.658
P0940,0.0743,Low,0,0,62,15,4,0.639
P0941,0.1045,Low,0,0,28,12,1,0.564
P0942,0.0003,Low,0,0,61,17,2,0.771
P0943,0.0034,Low,0,0,61,8,2,0.593
P0944,0.0669,Low,0,0,50,16,2,0.486
P0945,0.0031,Low,0,0,63,15,0,0.655
P0946,0.0098,Low,0,0,95,12,2,0.635
P0947,0.0307,Low,0,0,57,6,4,0.793
P0948,0.0002,Low,0,0,51,14,0,0.652
P0949,1.0,High,1,1,95,16,9,1.516
P0950,0.039,Low,0,0,57,7,1,0.648
P0951,0.0026,Low,0,0,44,6,1,0.7
P0952,1.0,High,1,1,90,12,6,0.963
P0953,1.0,High,1,1,65,18,13,1.248
P0954,0.0305,Low,0,0,44,12,0,0.484
P0955,0.0072,Low,0,0,56,15,2,0.675
P0956,0.9914,High,1,1,84,22,4,0.795
P0957,0.0167,Low,0,0,80,15,2,0.604
P0958,0.0549,Low,0,0,81,12,3,0.702
P0959,0.0533,Low,0,0,86,5,3,0.841
P0960,0.0553,Low,0,0,58,14,0,0.532
P0961,0.0062,Low,0,0,51,0,2,0.758
P0962,0.0254,Low,0,0,57,8,4,0.828
P0963,0.0123,Low,0,0,79,21,0,0.528
P0964,0.0658,Low,0,0,68,10,0,0.652
P0965,0.0038,Low,0,0,65,2,0,0.533
P0966,0.0037,Low,0,0,65,7,0,0.39
P0967,0.0132,Low,0,0,69,4,2,0.472
P0968,0.8759,High,1,1,85,10,3,1.082
P0969,0.0108,Low,0,0,82,0,0,0.567
P0970,0.0025,Low,0,0,27,15,0,0.552
P0971,1.0,High,1,1,55,16,11,1.501
P0972,0.2711,Low,0,0,55,8,0,0.674
P0973,1.0,High,1,1,59,27,9,1.082
P0974,0.4427,Medium,1,1,71,25,2,0.795
P0975,0.9961,High,1,1,58,2,9,1.026
P0976,0.003,Low,0,0,65,19,0,0.595
P0977,0.0142,Low,0,0,54,11,1,0.629
P0978,0.0013,Low,0,0,59,20,0,0.536
P0979,0.01,Low,0,0,52,19,0,0.693
P0980,0.021,Low,0,0,69,4,1,0.786
P0981,1.0,High,1,1,77,23,7,0.894
P0982,0.0468,Low,0,0,74,12,0,0.528
P0983,0.0003,Low,0,0,83,8,0,0.633
P0984,0.9985,High,1,1,91,17,7,1.128
P0985,0.0069,Low,0,0,68,11,0,0.566
P0986,0.0003,Low,0,0,57,16,0,0.414
P0987,0.0115,Low,0,0,63,18,0,0.446
P0988,0.4692,Medium,1,1,62,21,5,0.827
P0989,0.0024,Low,0,0,69,13,1,0.379
P0990,0.0205,Low,0,0,69,19,0,0.543
P0991,0.0277,Low,0,0,72,11,0,0.488
P0992,0.1041,Low,0,0,74,9,1,0.597
P0993,0.9991,High,1,1,38,13,10,1.373
P0994,0.0003,Low,0,0,78,10,0,0.772
P0995,0.0479,Low,0,0,46,13,1,0.737
P0996,0.0246,Low,0,0,64,14,1,0.53
P0997,0.1673,Low,0,0,70,8,2,0.828
P0998,0.9997,High,1,1,36,25,9,1.279
P0999,0.0035,Low,0,0,74,7,0,0.783
P1000,1.0,High,1,1,71,14,5,0.805
P1001,0.1555,Low,0,0,71,15,5,0.971
P1002,0.0001,Low,0,0,79,9,0,0.528
P1003,0.0308,Low,0,0,70,16,2,0.936
P1004,0.9979,High,1,1,46,19,9,1.499
P1005,1.0,High,1,1,39,13,8,0.831
P1006,0.0019,Low,0,0,53,11,0,0.634
P1007,0.0131,Low,0,0,63,11,0,0.618
P1008,0.9997,High,1,1,58,25,13,1.645
P1009,0.0002,Low,0,0,69,13,0,0.438
P1010,0.0055,Low,0,0,26,20,2,0.457
P1011,0.0036,Low,0,0,76,18,2,0.571
P1012,1.0,High,1,1,51,27,11,1.058
P1013,1.0,High,1,1,45,25,11,1.055
P1014,0.9928,High,1,1,57,16,8,1.082
P1015,0.0031,Low,0,0,62,4,0,0.599
P1016,0.0044,Low,0,0,77,20,3,0.427
P1017,0.0133,Low,0,0,83,5,1,0.728
P1018,0.0046,Low,0,0,64,10,0,0.521
P1019,0.0299,Low,0,0,91,12,1,0.75
P1020,0.0004,Low,0,0,47,10,0,0.563
P1021,0.0613,Low,0,0,41,11,1,0.588
P1022,1.0,High,1,1,34,16,6,0.785
P1023,0.9887,High,1,1,85,13,11,1.204
P1024,0.0048,Low,0,0,57,10,0,0.597
P1025,0.1478,Low,0,0,45,23,2,0.635
P1026,0.0241,Low,0,0,55,11,3,0.967
P1027,0.0093,Low,0,0,64,13,2,0.649
P1028,0.699,High,1,1,57,15,5,1.072
P1029,0.1818,Low,0,0,95,14,0,0.671
P1030,0.9503,High,1,1,81,9,10,1.434
P1031,0.0005,Low,0,0,46,10,0,0.596
P1032,0.1256,Low,0,0,72,11,5,0.778
P1033,0.0523,Low,0,0,78,11,0,0.529
P1034,0.0151,Low,0,0,57,8,1,0.652
P1035,0.0066,Low,0,0,63,7,0,0.464
P1036,0.0268,Low,0,0,57,6,3,0.949
P1037,0.0208,Low,0,0,76,7,1,0.663
P1038,0.0366,Low,0,0,90,4,1,0.543
P1039,0.0095,Low,0,0,48,16,0,0.521
P1040,0.0325,Low,0,0,77,9,0,0.535
P1041,1.0,High,1,1,59,21,13,2.655
P1042,1.0,High,1,1,73,13,12,2.445
P1043,0.0924,Low,0,0,76,6,1,0.625
P1044,0.9996,High,1,1,48,29,11,1.431
P1045,0.0207,Low,0,0,95,24,1,0.579
P1046,0.0133,Low,0,1,75,13,1,0.532
P1047,0.8298,High,1,1,59,13,8,0.956
P1048,0.0287,Low,0,0,77,20,3,0.859
P1049,0.0896,Low,0,0,74,6,2,0.614
P1050,0.086,Low,0,0,68,22,3,0.961
P1051,1.0,High,1,1,35,7,14,1.415
P1052,0.1289,Low,0,0,58,0,5,0.953
P1053,0.079,Low,0,0,53,15,2,0.873
P1054,0.9335,High,1,1,70,12,7,1.004
P1055,0.0484,Low,0,0,67,8,3,0.794
P1056,0.1358,Low,0,0,81,5,1,0.536
P1057,0.0047,Low,0,0,55,17,1,0.641
P1058,0.007,Low,0,0,95,2,1,0.571
P1059,0.0007,Low,0,0,95,13,1,0.628
P1060,0.0054,Low,0,0,58,13,0,0.715
P1061,0.0116,Low,0,0,32,10,0,0.602
P1062,0.8947,High,1,1,58,12,6,1.114
P1063,0.002,Low,0,0,89,15,0,0.472
P1064,0.0027,Low,0,0,51,14,0,0.445
P1065,0.0391,Low,0,0,64,11,1,0.733
P1066,1.0,High,1,1,53,8,10,1.273
P1067,0.948,High,1,1,69,26,6,1.229
P1068,0.1567,Low,0,0,52,13,2,0.512
P1069,0.0086,Low,0,0,65,10,1,0.552
P1070,0.0043,Low,0,0,82,16,1,0.677
P1071,0.0001,Low,0,0,37,7,2,0.668
P1072,0.0064,Low,0,0,90,4,3,0.651
P1073,0.0003,Low,0,0,69,17,0,0.633
P1074,0.0132,Low,0,0,81,14,0,0.687
P1075,0.0268,Low,0,0,52,18,2,0.643
P1076,0.0398,Low,0,0,54,11,1,0.597
P1077,1.0,High,1,1,28,14,9,1.385
P1078,0.6178,Medium,1,1,58,20,4,1.022
P1079,0.0014,Low,0,0,45,15,0,0.557
P1080,0.9981,High,1,1,93,14,10,1.224
P1081,0.0025,Low,0,0,77,13,0,0.698
P1082,0.0001,Low,0,0,58,14,2,0.751
P1083,0.0068,Low,0,0,68,0,0,0.575
P1084,0.9979,High,1,1,45,20,6,1.286
P1085,0.9886,High,1,1,75,24,9,0.819
P1086,0.0809,Low,0,0,69,7,0,0.685
P1087,1.0,High,1,1,69,17,15,1.304
P1088,0.728,High,1,1,55,14,4,0.878
P1089,0.0117,Low,0,0,72,10,0,0.459
P1090,0.0005,Low,0,0,77,14,0,0.489
P1091,0.0044,Low,0,0,59,17,0,0.615
P1092,0.0501,Low,0,0,95,16,1,0.683
P1093,0.084,Low,0,0,67,12,1,0.508
P1094,0.004,Low,0,0,38,13,1,0.503
P1095,1.0,High,1,1,82,25,15,1.892
P1096,1.0,High,1,1,77,17,9,1.031
P1097,0.0112,Low,0,0,61,11,1,0.833
P1098,0.027,Low,0,0,54,9,2,0.805
P1099,0.0061,Low,0,0,67,23,1,0.703
P1100,0.9981,High,1,1,81,25,11,0.979
P1101,0.0542,Low,0,0,41,7,1,0.548
P1102,0.0071,Low,0,0,68,10,1,0.428
P1103,0.0282,Low,0,0,80,5,2,0.484
P1104,0.0003,Low,0,0,59,22,1,0.627
P1105,0.0111,Low,0,0,50,8,0,0.627
P1106,0.9986,High,1,1,40,13,7,1.151
P1107,0.9989,High,1,1,72,3,15,2.078
P1108,0.0095,Low,0,0,50,5,0,0.737
P1109,0.0038,Low,0,0,68,16,1,0.348
P1110,0.0051,Low,0,0,81,14,3,0.584
P1111,0.0005,Low,0,0,59,6,0,0.587
P1112,0.027,Low,0,0,62,18,2,0.911
P1113,0.9812,High,1,1,55,13,7,0.899
P1114,0.0503,Low,0,0,78,21,1,0.604
P1115,1.0,High,1,1,81,22,14,1.361
P1116,1.0,High,1,1,47,15,15,1.706
P1117,0.0424,Low,0,0,95,5,1,0.705
P1118,0.0079,Low,0,0,58,16,0,0.655
P1119,0.0035,Low,0,0,43,14,1,0.536
P1120,0.9853,High,1,1,55,9,8,1.21
P1121,0.0004,Low,0,0,73,4,0,0.596
P1122,0.0159,Low,0,0,52,19,1,0.462
P1123,1.0,High,1,1,67,27,9,1.292
P1124,0.0003,Low,0,0,78,19,1,0.542
P1125,0.0005,Low,0,0,60,8,1,0.5
P1126,0.0168,Low,0,0,35,3,3,0.609
P1127,0.0992,Low,0,0,50,17,1,0.681
P1128,0.1234,Low,0,0,72,11,3,0.44
P1129,0.0038,Low,0,0,84,11,3,0.695
P1130,0.0816,Low,0,0,80,11,2,0.598
P1131,0.9926,High,1,1,57,17,11,0.989
P1132,0.0021,Low,0,0,53,7,1,0.84
P1133,1.0,High,1,1,68,12,9,1.077
P1134,0.1951,Low,0,1,58,17,2,0.788
P1135,0.0273,Low,0,0,64,7,1,0.52
P1136,0.0497,Low,0,0,80,9,0,0.527
P1137,1.0,High,1,1,70,17,12,1.466
P1138,0.9986,High,1,1,57,16,8,1.208
P1139,0.0163,Low,0,0,74,14,0,0.448
P1140,1.0,High,1,1,35,10,11,1.001
P1141,0.0001,Low,0,0,95,6,1,0.613
P1142,0.0106,Low,0,0,76,8,1,0.77
P1143,0.2173,Low,0,0,68,6,1,0.523
P1144,0.6836,High,1,1,70,20,3,0.643
P1145,0.909,High,1,1,58,14,3,0.854
P1146,0.9697,High,1,1,68,22,5,0.924
P1147,0.0264,Low,0,0,84,2,0,0.417
P1148,0.0865,Low,0,0,58,16,1,0.54
P1149,0.0018,Low,0,0,32,10,1,0.793
P1150,0.0126,Low,0,0,59,15,3,0.757
P1151,0.0207,Low,0,0,77,10,0,0.538
P1152,0.0483,Low,0,0,63,5,1,0.658
P1153,0.0166,Low,0,0,81,17,2,0.992
P1154,1.0,High,1,1,63,20,11,1.583
P1155,1.0,High,1,1,36,12,10,1.276
P1156,1.0,High,1,1,71,16,12,1.798
P1157,0.0004,Low,0,0,45,6,0,0.536
P1158,0.0073,Low,0,0,90,9,0,0.472
P1159,1.0,High,1,1,68,23,13,1.44
P1160,0.0016,Low,0,0,88,15,1,0.718
P1161,0.0204,Low,0,0,78,15,0,0.631
P1162,0.0003,Low,0,0,68,10,2,0.726
P1163,0.0144,Low,0,0,75,6,2,0.754
P1164,0.9941,High,1,1,31,19,11,1.292
P1165,0.0082,Low,0,0,62,3,2,0.594
P1166,0.0145,Low,0,0,46,13,1,0.792
P1167,0.0473,Low,0,0,66,13,1,0.643
P1168,0.0634,Low,0,0,68,8,0,0.539
P1169,0.0035,Low,0,0,68,8,1,0.625
P1170,0.0002,Low,0,0,78,21,1,0.358
P1171,0.0756,Low,0,0,45,23,2,0.753
P1172,1.0,High,1,1,85,23,10,0.973
P1173,0.01,Low,0,0,53,13,1,0.458
P1174,0.9996,High,1,1,54,14,9,1.416
P1175,0.0168,Low,0,0,52,13,0,0.551
P1176,1.0,High,1,1,47,7,10,1.638
P1177,0.0111,Low,0,0,68,12,0,0.461
P1178,0.0042,Low,0,0,62,10,0,0.57
P1179,1.0,High,1,1,48,23,10,1.641
P1180,0.9945,High,1,1,80,6,7,2.817
P1181,0.0022,Low,0,0,69,10,1,0.644
P1182,0.011,Low,0,0,77,8,2,0.476
P1183,0.0055,Low,0,0,36,7,0,0.626
P1184,0.0001,Low,0,0,72,14,0,0.641
P1185,0.0002,Low,0,0,89,14,0,0.542
P1186,0.06,Low,0,0,83,16,1,0.718
P1187,1.0,High,1,1,56,16,11,1.251
P1188,0.0519,Low,0,0,44,18,2,0.928
P1189,0.1573,Low,0,0,64,11,2,0.635
P1190,0.995,High,1,1,60,11,7,1.365
P1191,1.0,High,1,1,77,12,10,1.329
P1192,0.0007,Low,0,0,38,15,2,0.506
P1193,0.0008,Low,0,0,48,11,1,0.662
P1194,0.0062,Low,0,0,66,7,2,0.747
P1195,0.9991,High,1,1,63,22,11,1.068
P1196,0.1114,Low,0,0,83,13,3,0.577
P1197,0.0231,Low,0,0,70,18,2,0.819
P1198,0.0114,Low,0,0,66,12,1,0.496
P1199,0.0027,Low,0,0,49,14,2,0.764
P1200,1.0,High,1,1,66,21,15,1.773
P1201,1.0,High,1,1,50,11,9,1.917
P1202,1.0,High,1,1,67,14,11,1.353
P1203,0.9997,High,1,1,67,19,10,1.241
P1204,0.0842,Low,0,0,58,13,4,0.709
P1205,0.027,Low,0,0,73,10,1,0.561
P1206,0.0639,Low,0,0,95,19,1,0.603
P1207,0.0568,Low,0,0,66,13,2,0.517
P1208,0.0096,Low,0,0,55,17,1,0.65
P1209,0.0061,Low,0,0,45,9,0,0.501
P1210,0.749,High,1,1,58,17,5,0.475
P1211,1.0,High,1,1,80,12,13,1.726
P1212,1.0,High,1,1,70,16,13,1.336
P1213,0.054,Low,0,0,95,7,2,0.885
P1214,0.0321,Low,0,0,29,6,2,0.408
P1215,0.915,High,1,1,93,16,9,1.561
P1216,0.0003,Low,0,0,40,10,1,0.797
P1217,0.9985,High,1,1,56,30,9,1.063
P1218,0.0182,Low,0,0,42,14,0,0.711
P1219,0.0201,Low,0,0,65,8,0,0.657
P1220,1.0,High,1,1,78,19,6,1.402
P1221,0.0073,Low,0,0,76,11,0,0.494
P1222,0.0164,Low,0,0,53,6,2,0.761
P1223,0.7173,High,1,1,87,23,4,0.92
P1224,0.0631,Low,0,0,58,15,0,0.552
P1225,0.1374,Low,0,0,65,9,1,0.651
P1226,0.0526,Low,0,0,75,19,2,0.831
P1227,0.0316,Low,0,0,74,10,3,0.885
P1228,0.0177,Low,0,0,84,9,0,0.492
P1229,0.9935,High,1,1,70,14,8,1.045
P1230,0.0531,Low,0,0,42,16,0,0.467
P1231,1.0,High,1,1,62,10,13,1.322
P1232,1.0,High,1,1,65,14,13,1.245
P1233,0.0237,Low,0,0,57,17,1,0.54
P1234,0.8319,High,1,1,47,19,3,0.787
P1235,0.9996,High,1,1,35,24,12,0.885
P1236,0.9988,High,1,1,62,12,13,1.063
P1237,1.0,High,1,1,40,20,12,1.383
P1238,0.0251,Low,0,0,49,5,0,0.492
P1239,0.0091,Low,0,0,45,10,2,0.702
P1240,0.0114,Low,0,0,39,12,1,0.509
P1241,0.0759,Low,0,0,88,18,1,0.688
P1242,0.0146,Low,0,0,78,8,0,0.609
P1243,0.0964,Low,0,0,51,12,3,0.913
P1244,0.0106,Low,0,0,66,15,0,0.585
P1245,0.0005,Low,0,0,61,3,3,0.789
P1246,0.0079,Low,0,0,47,18,0,0.698
P1247,0.0004,Low,0,0,56,10,1,0.46
P1248,1.0,High,1,1,46,30,12,1.196
P1249,0.0077,Low,0,0,45,11,0,0.526
P1250,0.999,High,1,1,62,15,11,1.578
P1251,0.0513,Low,0,0,84,18,3,1.026
P1252,0.0102,Low,0,0,60,13,1,0.773
P1253,0.0018,Low,0,0,78,19,0,0.463
P1254,0.0124,Low,0,0,95,16,3,0.689
P1255,0.0744,Low,0,0,63,8,2,0.723
P1256,0.0043,Low,0,0,65,17,2,0.605
P1257,0.0061,Low,0,0,54,12,0,0.581
P1258,0.0897,Low,0,0,66,3,3,0.853
P1259,0.755,High,1,1,38,17,6,0.878
P1260,0.0004,Low,0,0,61,16,0,0.528
P1261,1.0,High,1,1,34,21,7,1.397
P1262,0.0139,Low,0,0,67,12,1,0.525
P1263,0.0452,Low,0,0,72,16,1,0.463
P1264,0.0002,Low,0,0,51,7,0,0.497
P1265,0.0157,Low,0,0,35,15,0,0.607
P1266,0.0027,Low,0,0,78,10,0,0.734
P1267,1.0,High,1,1,40,30,14,1.582
P1268,0.3692,Medium,1,0,55,11,2,0.593
P1269,0.0052,Low,0,0,73,5,0,0.544
P1270,1.0,High,1,1,58,20,9,1.488
P1271,0.9797,High,1,1,88,10,9,1.592
P1272,0.0165,Low,0,0,52,2,1,0.882
P1273,0.9961,High,1,1,53,25,12,1.599
P1274,0.3019,Medium,0,0,69,10,1,0.692
P1275,0.0099,Low,0,0,49,4,0,0.614
P1276,1.0,High,1,1,70,19,10,1.328
P1277,0.0347,Low,0,0,45,13,2,0.788
P1278,0.0037,Low,0,0,63,11,1,0.488
P1279,0.0799,Low,0,0,92,15,0,0.646
P1280,0.0072,Low,0,0,82,15,0,0.644
P1281,0.0001,Low,0,0,66,6,0,0.606
P1282,1.0,High,1,1,40,12,13,1.407
P1283,0.016,Low,0,0,78,6,1,0.506
P1284,1.0,High,1,1,59,14,10,1.198
P1285,1.0,High,1,1,95,31,8,0.901
P1286,0.049,Low,0,0,83,8,0,0.449
P1287,0.0002,Low,0,0,78,3,0,0.681
P1288,0.7213,High,1,1,53,5,6,1.145
P1289,0.0172,Low,0,0,81,16,0,0.702
P1290,0.1161,Low,0,0,44,15,3,0.781
P1291,0.0014,Low,0,0,87,13,2,0.712
P1292,0.0029,Low,0,0,92,17,1,0.742
P1293,0.0111,Low,0,0,76,10,1,0.706
P1294,0.0213,Low,0,0,81,12,1,0.651
P1295,0.0008,Low,0,0,33,7,1,0.541
P1296,0.0023,Low,0,0,95,12,1,0.499
P1297,0.995,High,1,1,62,13,7,1.287
P1298,0.0001,Low,0,0,59,11,0,0.42
P1299,0.0442,Low,0,0,50,6,0,0.639
P1300,0.0196,Low,0,0,70,12,0,0.574
P1301,0.3502,Medium,1,1,74,22,3,0.722
P1302,0.0662,Low,0,0,65,10,1,0.517
P1303,0.009,Low,0,0,65,12,2,0.773
P1304,1.0,High,1,1,61,11,12,1.071
P1305,0.0159,Low,0,0,65,2,0,0.534
P1306,0.0001,Low,0,0,38,14,0,0.488
P1307,0.0671,Low,0,0,75,10,0,0.697
P1308,0.016,Low,0,0,59,10,1,0.798
P1309,0.0023,Low,0,0,75,6,0,0.536
P1310,0.1405,Low,0,0,68,15,5,0.679
P1311,0.0924,Low,0,0,90,10,0,0.548
P1312,0.0521,Low,0,0,18,14,2,0.589
P1313,0.0087,Low,0,0,65,1,4,0.515
P1314,0.0067,Low,0,0,53,15,3,0.656
P1315,0.025,Low,0,0,75,6,2,0.553
P1316,0.0523,Low,0,0,61,10,0,0.731
P1317,0.9889,High,1,1,24,16,7,0.883
P1318,0.0003,Low,0,0,39,16,2,0.628
P1319,0.0505,Low,0,0,76,14,1,0.594
P1320,0.0207,Low,0,0,40,9,0,0.569
P1321,0.1096,Low,0,0,48,2,2,0.57
P1322,0.0001,Low,0,0,64,11,1,0.805
P1323,0.002,Low,0,0,82,14,1,0.788
P1324,0.0018,Low,0,0,94,19,0,0.657
P1325,0.0003,Low,0,0,68,15,0,0.612
P1326,0.0004,Low,0,0,77,15,0,0.648
P1327,1.0,High,1,1,56,11,12,1.079
P1328,0.9935,High,1,1,58,17,9,1.304
P1329,1.0,High,1,1,91,21,9,0.752
P1330,0.0121,Low,0,0,55,9,0,0.601
P1331,1.0,High,1,1,92,12,9,2.121
P1332,0.4766,Medium,1,1,60,25,4,0.914
P1333,0.0802,Low,0,0,39,16,0,0.747
P1334,0.0121,Low,0,0,58,10,4,0.601
P1335,0.0182,Low,0,0,41,6,3,0.824
P1336,1.0,High,1,1,64,20,14,2.033
P1337,1.0,High,1,1,39,17,9,1.06
P1338,0.0055,Low,0,0,58,12,0,0.712
P1339,1.0,High,1,1,38,24,14,1.641
P1340,0.0354,Low,0,0,51,17,0,0.749
P1341,0.0139,Low,0,0,40,4,2,0.715
P1342,0.0263,Low,0,0,51,9,3,1.062
P1343,0.0384,Low,0,0,77,20,3,0.884
P1344,0.9997,High,1,1,84,26,11,1.358
P1345,0.1265,Low,0,0,44,16,2,0.367
P1346,0.0007,Low,0,0,79,16,0,0.426
P1347,0.9106,High,1,1,70,6,9,0.899
P1348,0.0108,Low,0,0,52,10,4,0.77
P1349,0.0228,Low,0,0,95,16,1,0.662
P1350,0.0001,Low,0,0,38,24,0,0.515
P1351,0.0002,Low,0,0,67,3,2,0.719
P1352,0.0766,Low,0,0,55,13,2,0.648
P1353,0.998,High,1,1,70,34,11,1.562
P1354,0.0038,Low,0,0,47,10,0,0.564
P1355,0.2111,Low,0,0,62,21,1,0.804
P1356,0.9992,High,1,1,63,33,8,1.273
P1357,0.0115,Low,0,0,67,13,2,0.783
P1358,0.0082,Low,0,0,48,11,0,0.555
P1359,0.0003,Low,0,0,79,19,0,0.745
P1360,0.6275,Medium,1,1,69,12,4,0.842
P1361,0.0454,Low,0,0,61,18,3,1.009
P1362,0.9899,High,1,1,51,26,9,2.045
P1363,0.0005,Low,0,0,56,12,2,0.798
P1364,0.0038,Low,0,0,59,20,1,0.584
P1365,0.0023,Low,0,0,47,5,1,0.508
P1366,0.0159,Low,0,0,57,15,1,0.594
P1367,0.1607,Low,0,0,60,9,3,0.662
P1368,0.0226,Low,0,0,56,12,1,0.527
P1369,0.0794,Low,0,0,64,14,0,0.656
P1370,0.0346,Low,0,0,24,19,1,0.602
P1371,0.0161,Low,0,0,71,21,4,0.676
P1372,0.0064,Low,0,0,51,13,2,0.697
P1373,0.0044,Low,0,0,69,15,0,0.496
P1374,0.0056,Low,0,0,18,10,2,0.793
P1375,1.0,High,1,1,78,13,15,1.662
P1376,1.0,High,1,1,46,34,10,1.786
P1377,1.0,High,1,1,56,23,10,1.73
P1378,0.0006,Low,0,0,76,18,1,0.735
P1379,0.0003,Low,0,0,62,9,2,0.649
P1380,0.0017,Low,0,0,49,15,0,0.545
P1381,0.0027,Low,0,0,61,10,2,0.64
P1382,0.1504,Low,0,0,70,18,1,0.703
P1383,0.0085,Low,0,0,73,13,1,0.662
P1384,0.7197,High,1,1,81,24,1,0.776
P1385,0.0103,Low,0,0,57,9,2,0.794
P1386,0.9989,High,1,1,85,3,5,0.873
P1387,0.1026,Low,0,0,68,15,0,0.629
P1388,0.0001,Low,0,0,65,15,0,0.595
P1389,0.056,Low,0,0,66,1,1,0.751
P1390,0.1243,Low,0,0,61,8,0,0.672
P1391,0.0142,Low,0,0,54,11,0,0.452
P1392,0.0035,Low,0,0,57,5,2,0.763
P1393,0.9961,High,1,1,18,28,13,1.954
P1394,0.0112,Low,0,0,39,17,0,0.382
P1395,0.0451,Low,0,0,58,11,1,0.835
P1396,0.0549,Low,0,0,72,9,0,0.61
P1397,0.0794,Low,0,0,63,17,0,0.665
P1398,0.0002,Low,0,0,72,11,0,0.649
P1399,0.9728,High,1,1,67,11,5,0.822
P1400,0.0052,Low,0,0,42,10,0,0.585
P1401,0.0114,Low,0,0,62,14,1,0.44
P1402,0.0579,Low,0,0,55,14,0,0.578
P1403,0.0985,Low,0,0,32,7,0,0.649
P1404,0.0001,Low,0,0,60,17,0,0.593
P1405,0.9679,High,1,1,35,14,7,0.857
P1406,0.0036,Low,0,0,74,5,1,0.658
P1407,0.9467,High,1,1,56,10,10,0.747
P1408,0.0087,Low,0,0,56,8,0,0.613
P1409,0.0326,Low,0,0,59,9,2,0.714
P1410,0.995,High,1,1,72,21,8,1.628
P1411,1.0,High,1,1,77,21,9,1.47
P1412,1.0,High,1,1,81,19,9,1.277
P1413,0.9991,High,1,1,40,4,9,0.841
P1414,0.013,Low,0,0,69,27,0,0.497
P1415,0.0419,Low,0,0,78,0,1,0.534
P1416,0.9891,High,1,1,60,18,11,0.983
P1417,0.0002,Low,0,0,63,17,0,0.511
P1418,1.0,High,1,1,89,22,10,1.392
P1419,0.9366,High,1,1,60,16,3,0.625
P1420,0.0079,Low,0,0,65,14,1,0.516
P1421,0.0105,Low,0,0,70,7,2,0.917
P1422,0.0003,Low,0,0,54,11,0,0.616
P1423,0.0135,Low,0,0,72,10,1,0.487
P1424,0.0081,Low,0,0,69,4,0,0.466
P1425,0.0002,Low,0,0,52,13,1,0.708
P1426,1.0,High,1,1,65,21,14,2.834
P1427,0.7641,High,1,1,79,16,4,0.948
P1428,0.0345,Low,0,0,53,9,4,0.229
P1429,0.1101,Low,0,0,90,13,1,0.72
P1430,0.0133,Low,0,0,36,15,0,0.73
P1431,0.9971,High,1,1,63,16,8,1.947
P1432,1.0,High,1,1,55,8,10,1.396
P1433,1.0,High,1,1,59,24,12,1.4
P1434,1.0,High,1,1,86,14,12,1.55
P1435,0.0023,Low,0,0,84,8,0,0.571
P1436,0.0002,Low,0,0,95,12,0,0.641
P1437,0.0018,Low,0,0,60,7,0,0.459
P1438,0.0848,Low,0,0,66,4,4,0.87
P1439,0.0079,Low,0,0,81,12,0,0.536
P1440,1.0,High,1,1,63,18,8,1.037
P1441,0.791,High,1,1,47,19,4,0.882
P1442,1.0,High,1,1,95,27,7,1.148
P1443,0.0002,Low,0,0,40,14,1,0.652
P1444,0.0018,Low,0,0,57,10,0,0.431
P1445,0.0027,Low,0,0,65,7,1,0.532
P1446,0.0001,Low,0,0,80,12,1,0.675
P1447,0.0875,Low,0,0,46,7,4,0.766
P1448,0.0064,Low,0,0,48,21,0,0.529
P1449,0.9996,High,1,1,63,9,12,1.208
P1450,0.0492,Low,0,0,40,18,1,0.671
P1451,0.0028,Low,0,0,43,4,0,0.63
P1452,0.0135,Low,0,0,94,4,0,0.549
P1453,0.9859,High,1,1,71,15,12,1.544
P1454,0.051,Low,0,0,87,12,2,0.589
P1455,1.0,High,1,1,75,24,14,1.147
P1456,0.9887,High,1,1,84,12,4,0.756
P1457,0.0941,Low,0,0,78,2,0,0.572
P1458,0.0759,Low,0,0,89,9,0,0.504
P1459,0.992,High,1,1,70,21,8,1.134
P1460,0.9981,High,1,1,84,11,10,1.54
P1461,0.0455,Low,0,0,46,5,2,0.526
P1462,0.0989,Low,0,0,65,2,1,0.689
P1463,1.0,High,1,1,53,25,14,1.751
P1464,0.9165,High,1,1,44,20,6,0.889
P1465,1.0,High,1,1,42,22,8,0.917
P1466,0.0072,Low,0,0,64,12,0,0.453
P1467,0.0049,Low,0,0,63,10,0,0.526
P1468,0.0094,Low,0,0,62,16,1,0.497
P1469,0.0001,Low,0,0,64,14,0,0.525
P1470,0.0865,Low,0,0,49,17,1,0.567
P1471,0.0182,Low,0,0,66,11,0,0.585
P1472,1.0,High,1,1,70,23,11,1.601
P1473,0.0107,Low,0,0,66,12,0,0.535
P1474,0.0002,Low,0,0,48,10,0,0.604
P1475,0.0733,Low,0,0,75,15,3,0.678
P1476,1.0,High,1,1,50,13,11,1.371
P1477,0.0084,Low,0,0,67,10,0,0.589
P1478,0.9993,High,1,1,66,15,11,1.219
P1479,0.0149,Low,0,0,85,15,1,0.568
P1480,0.0002,Low,0,0,53,14,0,0.604
P1481,1.0,High,1,1,83,24,8,1.195
P1482,1.0,High,1,1,75,10,9,1.412
P1483,0.0151,Low,0,0,40,14,2,0.75
P1484,1.0,High,1,1,71,4,10,0.943
P1485,1.0,High,1,1,51,24,13,1.578
P1486,0.9886,High,1,1,78,6,7,1.091
P1487,0.0007,Low,0,0,65,12,1,0.635
P1488,0.0049,Low,0,0,52,10,0,0.605
P1489,0.0022,Low,0,0,85,5,0,0.667
P1490,0.3268,Medium,1,1,45,21,3,0.781
P1491,0.007,Low,0,0,78,9,1,0.602
P1492,0.9937,High,1,1,76,22,8,0.948
P1493,0.7883,High,1,1,38,10,3,0.707
P1494,1.0,High,1,1,61,0,12,1.166
P1495,0.0465,Low,0,0,50,8,1,0.481
P1496,0.0266,Low,0,0,72,10,2,0.731
P1497,0.0091,Low,0,0,52,12,2,0.615
P1498,0.9438,High,1,1,55,14,4,0.804
P1499,0.0005,Low,0,0,67,15,1,0.379
P1500,0.0165,Low,0,0,86,13,1,0.776
P1501,0.0047,Low,0,0,80,11,0,0.62
P1502,0.0579,Low,0,0,68,8,0,0.742
P1503,0.0191,Low,0,0,63,19,3,0.889
P1504,0.0485,Low,0,0,63,17,1,0.679
P1505,0.2346,Low,0,0,50,19,0,0.537
P1506,0.9659,High,1,1,56,20,4,0.726
P1507,1.0,High,1,1,81,5,11,1.182
P1508,0.0299,Low,0,0,90,6,4,0.894
P1509,0.1563,Low,0,0,76,15,4,0.911
P1510,0.0107,Low,0,0,76,20,0,0.687
P1511,1.0,High,1,1,60,14,10,1.419
P1512,0.0563,Low,0,0,91,13,1,0.611
P1513,0.0359,Low,0,0,65,10,1,0.52
P1514,0.0387,Low,0,0,61,19,0,0.492
P1515,0.0004,Low,0,0,35,17,0,0.541
P1516,1.0,High,1,1,66,25,10,1.059
P1517,0.9922,High,1,1,41,22,9,0.658
P1518,0.0203,Low,0,0,83,15,0,0.71
P1519,0.9952,High,1,1,64,15,11,0.846
P1520,0.0001,Low,0,0,52,11,1,0.581
P1521,0.0003,Low,0,0,45,9,1,0.679
P1522,1.0,High,1,1,83,13,8,0.796
P1523,0.0562,Low,0,0,62,8,0,0.542
P1524,0.0018,Low,0,0,59,16,0,0.53
P1525,0.0284,Low,0,0,81,17,0,0.391
P1526,0.0021,Low,0,0,62,13,1,0.85
P1527,1.0,High,1,1,33,19,10,1.667
P1528,0.0059,Low,0,0,80,15,1,0.7
P1529,0.0246,Low,0,0,90,9,2,0.808
P1530,0.0003,Low,0,0,58,9,0,0.553
P1531,0.0336,Low,0,0,63,15,4,0.658
P1532,0.0139,Low,0,0,60,15,0,0.596
P1533,1.0,High,1,1,70,20,15,1.799
P1534,0.8397,High,1,1,58,8,3,0.73
P1535,0.5467,Medium,1,1,69,19,5,0.951
P1536,0.0195,Low,0,0,65,9,1,0.76
P1537,0.002,Low,0,0,62,13,0,0.478
P1538,0.1848,Low,0,0,51,13,1,0.786
P1539,0.0052,Low,0,0,70,12,0,0.53
P1540,0.0155,Low,0,0,49,11,3,0.739
P1541,0.0001,Low,0,0,75,10,1,0.349
P1542,0.002,Low,0,0,74,12,0,0.596
P1543,1.0,High,1,1,84,16,7,1.316
P1544,0.0023,Low,0,0,61,9,0,0.624
P1545,0.0002,Low,0,0,62,20,1,0.617
P1546,0.155,Low,0,0,54,10,0,0.53
P1547,0.9996,High,1,1,95,8,11,1.358
P1548,0.0002,Low,0,0,38,19,2,0.366
P1549,0.0043,Low,0,0,77,5,0,0.697
P1550,0.07,Low,0,0,27,13,4,1.026
P1551,0.9988,High,1,1,69,19,11,0.797
P1552,1.0,High,1,1,71,15,14,2.012
P1553,0.0021,Low,0,0,42,8,0,0.704
P1554,0.0082,Low,0,0,62,13,0,0.463
P1555,1.0,High,1,1,33,21,12,2.769
P1556,0.0037,Low,0,0,58,19,1,0.548
P1557,0.027,Low,0,0,77,16,1,0.829
P1558,0.0002,Low,0,0,72,16,0,0.607
P1559,0.0842,Low,0,0,95,5,1,0.629
P1560,0.3009,Medium,0,1,72,23,1,0.841
P1561,0.0078,Low,0,0,49,9,0,0.553
P1562,0.9973,High,1,1,20,14,15,1.76
P1563,0.0052,Low,0,0,56,22,3,0.857
P1564,0.0615,Low,0,0,48,13,0,0.502
P1565,0.0036,Low,0,0,67,0,2,0.642
P1566,0.0321,Low,0,0,69,12,1,0.585
P1567,0.054,Low,0,0,79,0,0,0.718
P1568,0.0421,Low,0,0,34,15,1,0.792
P1569,0.9388,High,1,1,78,31,8,0.932
P1570,0.0696,Low,0,0,57,5,0,0.696
P1571,1.0,High,1,1,68,11,10,0.927
P1572,0.9772,High,1,1,67,13,6,1.18
P1573,0.0128,Low,0,0,39,14,1,0.617
P1574,0.0227,Low,0,0,75,8,0,0.552
P1575,0.9967,High,1,1,84,23,9,1.157
P1576,0.0004,Low,0,0,58,15,0,0.777
P1577,0.0413,Low,0,0,87,10,1,0.671
P1578,1.0,High,1,1,46,14,8,0.944
P1579,0.0075,Low,0,0,80,13,0,0.578
P1580,0.0003,Low,0,0,63,3,2,0.407
P1581,0.8405,High,1,1,78,31,3,0.878
P1582,0.0053,Low,0,0,46,13,1,0.751
P1583,0.0149,Low,0,0,49,7,0,0.51
P1584,0.1786,Low,0,0,44,8,3,0.374
P1585,0.007,Low,0,0,61,11,0,0.534
P1586,0.0001,Low,0,0,68,12,0,0.475
P1587,0.165,Low,0,0,49,13,1,0.659
P1588,1.0,High,1,1,77,1,9,0.974
P1589,0.0448,Low,0,0,53,14,1,0.562
P1590,0.1154,Low,0,0,44,15,1,0.668
P1591,0.013,Low,0,0,67,4,0,0.631
P1592,0.0001,Low,0,0,55,10,2,0.825
P1593,0.1118,Low,0,0,52,13,0,0.511
P1594,0.014,Low,0,0,84,9,1,0.568
P1595,0.0898,Low,0,0,59,20,1,0.76
P1596,0.0087,Low,0,0,62,10,0,0.609
P1597,0.0215,Low,0,0,68,8,0,0.57
P1598,0.0363,Low,0,0,83,8,0,0.455
P1599,0.0393,Low,0,0,36,6,0,0.562
P1600,1.0,High,1,1,90,5,11,1.257
P1601,0.0069,Low,0,0,43,8,0,0.616
P1602,0.0526,Low,0,0,90,9,1,0.772
P1603,0.015,Low,0,0,38,15,1,0.6
P1604,0.0155,Low,0,0,47,16,2,0.615
P1605,0.0352,Low,0,0,84,24,0,0.652
P1606,0.9993,High,1,1,54,18,7,0.992
P1607,0.023,Low,0,0,59,22,2,0.456
P1608,0.9254,High,1,1,73,16,7,0.856
P1609,0.0085,Low,0,0,35,5,0,0.577
P1610,0.0002,Low,0,0,51,0,0,0.584
P1611,0.0043,Low,0,0,68,16,1,0.759
P1612,0.0083,Low,0,0,52,11,0,0.536
P1613,0.0018,Low,0,0,66,8,1,0.476
P1614,0.0713,Low,0,0,36,7,2,0.661
P1615,0.0002,Low,0,0,66,11,1,0.458
P1616,0.9854,High,1,1,65,16,6,0.998
P1617,0.0001,Low,0,0,74,14,0,0.539
P1618,1.0,High,1,1,75,14,14,1.473
P1619,0.9812,High,1,1,53,8,7,0.523
P1620,0.1316,Low,0,0,45,9,2,0.815
P1621,0.0005,Low,0,0,60,6,0,0.773
P1622,0.0002,Low,0,0,82,15,0,0.496
P1623,1.0,High,1,1,82,24,11,1.143
P1624,1.0,High,1,1,46,15,10,1.073
P1625,0.0002,Low,0,0,76,8,0,0.612
P1626,0.0347,Low,0,0,81,12,1,0.731
P1627,0.6435,Medium,1,1,63,12,4,1.053
P1628,0.815,High,1,1,62,9,3,0.873
P1629,0.0073,Low,0,0,67,16,1,0.454
P1630,1.0,High,1,1,71,15,9,1.733
P1631,0.0027,Low,0,0,51,19,0,0.503
P1632,0.0101,Low,0,0,70,15,0,0.615
P1633,0.0381,Low,0,0,92,7,0,0.625
P1634,0.0001,Low,0,0,69,8,2,0.705
P1635,0.0308,Low,0,0,74,15,1,0.552
P1636,0.0288,Low,0,0,67,17,1,0.735
P1637,0.0083,Low,0,0,61,15,0,0.631
P1638,0.003,Low,0,0,44,10,1,0.636
P1639,0.935,High,1,1,82,19,8,0.668
P1640,0.0002,Low,0,0,95,16,0,0.547
P1641,0.0228,Low,0,0,51,13,0,0.575
P1642,0.0175,Low,0,0,49,12,1,0.429
P1643,0.0008,Low,0,0,59,8,0,0.638
P1644,0.0042,Low,0,0,41,8,1,0.574
P1645,0.0142,Low,0,0,95,24,1,0.459
P1646,0.3093,Medium,0,1,47,7,5,0.969
P1647,0.0512,Low,0,0,44,19,0,0.504
P1648,0.0003,Low,0,0,65,19,0,0.678
P1649,0.0092,Low,0,0,80,6,0,0.662
P1650,0.1136,Low,0,0,72,10,0,0.532
P1651,0.1228,Low,0,0,27,6,0,0.645
P1652,1.0,High,1,1,80,10,12,1.243
P1653,1.0,High,1,1,49,24,11,1.239
P1654,0.9318,High,1,1,65,30,6,1.3
P1655,0.0147,Low,0,0,65,18,0,0.494
P1656,0.9997,High,1,1,70,19,10,1.068
P1657,0.0003,Low,0,0,79,16,0,0.569
P1658,0.0041,Low,0,0,72,18,0,0.567
P1659,0.0129,Low,0,0,69,11,1,0.548
P1660,1.0,High,1,1,49,15,7,1.005
P1661,0.0669,Low,0,0,78,18,2,0.799
P1662,0.8371,High,1,1,76,5,5,1.089
P1663,1.0,High,1,1,93,15,11,1.106
P1664,0.0064,Low,0,0,32,18,1,0.774
P1665,0.0385,Low,0,0,54,14,0,0.516
P1666,0.0078,Low,0,0,70,4,2,0.333
P1667,0.0376,Low,0,0,52,12,1,0.652
P1668,0.0715,Low,0,0,45,12,0,0.567
P1669,0.0066,Low,0,0,43,10,0,0.608
P1670,0.0001,Low,0,0,43,12,1,0.79
P1671,0.0057,Low,0,0,55,17,2,0.704
P1672,0.999,High,1,1,70,22,12,1.587
P1673,0.0258,Low,0,0,57,11,0,0.612
P1674,0.0396,Low,0,0,80,23,3,0.767
P1675,0.0198,Low,0,0,88,19,2,0.821
P1676,0.8233,High,1,1,75,17,4,0.789
P1677,0.625,Medium,1,1,95,15,5,1.118
P1678,0.0203,Low,0,0,74,8,2,0.639
P1679,0.999,High,1,1,53,22,12,1.666
P1680,0.0005,Low,0,0,43,15,1,0.733
P1681,0.0507,Low,0,0,74,2,3,0.758
P1682,0.1383,Low,0,0,71,17,1,0.567
P1683,1.0,High,1,1,85,12,12,1.96
P1684,0.0069,Low,0,0,49,17,0,0.527
P1685,0.0122,Low,0,0,44,8,0,0.397
P1686,0.0003,Low,0,0,53,8,2,0.682
P1687,0.3059,Medium,0,0,49,17,3,0.472
P1688,0.2643,Low,0,0,72,7,0,0.541
P1689,0.0027,Low,0,0,59,8,1,0.816
P1690,0.0097,Low,0,0,69,8,1,0.374
P1691,1.0,High,1,1,83,17,10,1.093
P1692,0.0216,Low,0,0,67,9,1,0.707
P1693,0.019,Low,0,0,41,14,2,0.563
P1694,0.0549,Low,0,0,87,23,0,0.693
P1695,0.0243,Low,0,0,67,14,1,0.507
P1696,1.0,High,1,1,71,19,10,1.174
P1697,0.0423,Low,0,0,41,16,0,0.634
P1698,0.005,Low,0,0,60,6,2,0.754
P1699,0.0165,Low,0,0,46,9,2,0.83
P1700,0.0715,Low,0,0,45,14,1,0.714
P1701,0.9156,High,1,1,74,28,8,1.506
P1702,0.9878,High,1,1,66,25,7,1.145
P1703,0.9824,High,1,1,33,20,9,1.738
P1704,0.0115,Low,0,0,79,5,0,0.529
P1705,0.5636,Medium,1,1,55,21,3,0.851
P1706,0.0303,Low,0,0,63,14,2,0.622
P1707,0.0007,Low,0,0,65,14,2,0.823
P1708,0.0069,Low,0,0,63,19,0,0.524
P1709,0.0002,Low,0,0,93,6,1,0.659
P1710,0.0162,Low,0,0,65,21,0,0.431
P1711,1.0,High,1,1,68,33,8,0.909
P1712,0.0017,Low,0,0,45,14,1,0.766
P1713,0.0002,Low,0,0,65,6,0,0.459
P1714,0.0211,Low,0,0,80,18,1,0.765
P1715,0.0004,Low,0,0,70,4,0,0.596
P1716,0.0249,Low,0,0,46,8,0,0.686
P1717,0.0068,Low,0,0,54,16,2,0.631
P1718,0.9172,High,1,1,35,10,6,0.814
P1719,0.0838,Low,0,0,72,22,2,0.641
P1720,0.0122,Low,0,0,62,15,1,0.575
P1721,0.1309,Low,0,0,62,9,2,0.634
P1722,0.014,Low,0,0,33,11,0,0.567
P1723,0.011,Low,0,0,94,23,1,0.588
P1724,1.0,High,1,1,67,33,13,1.375
P1725,1.0,High,1,1,61,24,12,1.476
P1726,1.0,High,1,1,45,22,9,1.095
P1727,0.2508,Low,0,0,81,7,1,0.785
P1728,0.0033,Low,0,0,65,2,3,0.348
P1729,0.0691,Low,0,0,55,26,0,0.561
P1730,0.0551,Low,0,0,36,11,1,0.688
P1731,0.9484,High,1,1,79,16,4,0.656
P1732,0.015,Low,0,0,53,7,2,0.518
P1733,0.0086,Low,0,0,72,12,2,0.711
P1734,0.0104,Low,0,0,45,11,1,0.672
P1735,0.0003,Low,0,0,84,14,1,0.596
P1736,0.0252,Low,0,0,46,9,1,0.632
P1737,1.0,High,1,1,79,8,8,0.694
P1738,0.0174,Low,0,0,67,15,1,0.877
P1739,0.0001,Low,0,0,62,16,1,0.653
P1740,0.0969,Low,0,0,61,5,4,0.76
P1741,0.0051,Low,0,0,43,19,0,0.481
P1742,0.0002,Low,0,0,68,11,0,0.582
P1743,0.1366,Low,0,0,64,5,0,0.582
P1744,0.0356,Low,0,0,76,14,1,0.51
P1745,0.0804,Low,0,0,42,9,2,0.717
P1746,0.0042,Low,0,0,53,10,0,0.616
P1747,0.0005,Low,0,0,39,7,2,0.909
P1748,0.0208,Low,0,0,91,10,1,0.648
P1749,0.0827,Low,0,0,47,16,1,0.799
P1750,0.0003,Low,0,0,72,13,2,0.818
P1751,1.0,High,1,1,41,17,11,1.187
P1752,0.1648,Low,0,0,52,13,1,0.677
P1753,0.0076,Low,0,0,77,6,0,0.642
P1754,0.0036,Low,0,0,78,13,0,0.553
P1755,0.0022,Low,0,0,92,10,2,0.784
P1756,0.0016,Low,0,0,48,5,2,0.77
P1757,0.0001,Low,0,0,38,2,0,0.585
P1758,0.9975,High,1,1,56,14,4,1.16
P1759,0.0001,Low,0,0,62,15,0,0.536
P1760,0.0147,Low,0,0,68,17,3,0.74
P1761,0.031,Low,0,0,40,11,0,0.608
P1762,0.9989,High,1,1,55,2,9,2.279
P1763,0.0862,Low,0,0,55,21,4,0.889
P1764,0.024,Low,0,0,76,26,0,0.635
P1765,0.011,Low,0,0,82,10,0,0.623
P1766,0.0077,Low,0,0,95,16,1,0.518
P1767,0.002,Low,0,0,46,11,1,0.59
P1768,1.0,High,1,1,71,16,12,1.948
P1769,0.0203,Low,0,0,30,0,1,0.567
P1770,0.0019,Low,0,0,79,8,2,0.678
P1771,0.0398,Low,0,0,55,6,0,0.455
P1772,0.0015,Low,0,0,66,9,0,0.554
P1773,0.0001,Low,0,0,62,4,2,0.747
P1774,0.0074,Low,0,0,86,10,3,0.697
P1775,0.0799,Low,0,0,63,2,1,0.716
P1776,1.0,High,1,1,30,23,15,2.216
P1777,0.0691,Low,0,0,35,5,0,0.549
P1778,0.019,Low,0,0,72,15,1,0.628
P1779,0.9931,High,1,1,51,22,9,1.097
P1780,0.0081,Low,0,0,73,8,0,0.683
P1781,0.0266,Low,0,0,54,13,1,0.545
P1782,0.0002,Low,0,0,70,11,0,0.513
P1783,0.0025,Low,0,0,39,13,1,0.593
P1784,0.0054,Low,0,0,53,7,1,0.868
P1785,0.0045,Low,0,0,72,18,0,0.509
P1786,0.0028,Low,0,0,71,21,1,0.604
P1787,0.0005,Low,0,0,46,10,3,0.787
P1788,0.0154,Low,0,0,72,14,0,0.534
P1789,0.0326,Low,0,0,84,2,4,0.641
P1790,0.0069,Low,0,0,87,12,0,0.615
P1791,0.9985,High,1,1,48,22,10,1.357
P1792,0.0593,Low,0,0,48,13,2,0.569
P1793,0.0218,Low,0,0,21,12,1,0.482
P1794,0.0065,Low,0,0,62,7,0,0.604
P1795,1.0,High,1,1,77,23,13,1.793
P1796,1.0,High,1,1,27,35,13,1.762
P1797,0.9997,High,1,1,35,15,9,1.623
P1798,0.0063,Low,0,0,54,15,1,0.751
P1799,0.7614,High,1,1,63,22,4,0.801
P1800,0.9937,High,1,1,65,16,10,0.911
P1801,0.9972,High,1,1,54,14,6,1.415
P1802,0.0278,Low,0,0,34,7,1,0.465
P1803,0.006,Low,0,0,64,18,1,0.568
P1804,0.0349,Low,0,0,43,14,4,0.649
P1805,0.0114,Low,0,0,42,15,1,0.745
P1806,0.0337,Low,0,0,30,6,0,0.585
P1807,0.0857,Low,0,0,47,18,1,0.635
P1808,1.0,High,1,1,64,26,7,0.887
P1809,0.0038,Low,0,0,64,13,1,0.637
P1810,0.0328,Low,0,0,74,11,4,1.134
P1811,0.1641,Low,0,0,77,15,3,0.469
P1812,0.876,High,1,1,40,18,2,0.876
P1813,0.0045,Low,0,0,67,0,1,0.803
P1814,0.0899,Low,0,0,57,14,2,0.547
P1815,0.0581,Low,0,0,29,21,1,0.483
P1816,1.0,High,1,1,84,9,12,1.582
P1817,1.0,High,1,1,51,20,12,1.33
P1818,0.0354,Low,0,0,26,20,0,0.663
P1819,0.0039,Low,0,0,76,9,0,0.484
P1820,0.0002,Low,0,0,61,10,0,0.76
P1821,1.0,High,1,1,74,16,12,1.759
P1822,0.0692,Low,0,0,73,15,0,0.53
P1823,0.0001,Low,0,0,55,7,1,0.539
P1824,0.0944,Low,0,0,54,17,0,0.691
P1825,0.0002,Low,0,0,61,6,0,0.578
P1826,0.0285,Low,0,0,80,22,2,0.405
P1827,0.0002,Low,0,0,77,20,0,0.557
P1828,0.0126,Low,0,0,95,19,0,0.491
P1829,0.233,Low,0,0,85,12,2,0.625
P1830,0.1571,Low,0,0,71,19,1,0.934
P1831,0.1031,Low,0,0,95,15,1,0.345
P1832,1.0,High,1,1,57,32,9,1.093
P1833,0.0002,Low,0,0,52,19,0,0.475
P1834,0.1021,Low,0,0,76,8,1,0.592
P1835,0.0002,Low,0,0,58,0,1,0.38
P1836,1.0,High,1,1,64,9,12,1.546
P1837,0.015,Low,0,0,73,14,0,0.516
P1838,0.1722,Low,0,0,47,18,3,0.843
P1839,0.0732,Low,0,0,58,11,4,0.718
P1840,0.9224,High,1,1,57,16,5,0.629
P1841,0.0448,Low,0,0,48,8,0,0.63
P1842,0.0041,Low,0,0,62,12,0,0.571
P1843,0.0022,Low,0,0,28,19,2,0.646
P1844,0.1688,Low,0,0,71,20,2,0.535
P1845,0.0003,Low,0,0,56,13,0,0.539
P1846,0.0108,Low,0,0,75,19,3,0.718
P1847,0.0714,Low,0,0,63,23,1,0.438
P1848,0.0223,Low,0,0,56,8,1,0.591
P1849,0.484,Medium,1,1,27,15,3,0.586
P1850,0.0068,Low,0,0,72,19,0,0.425
P1851,1.0,High,1,1,44,22,9,1.396
P1852,0.005,Low,0,0,53,7,0,0.639
P1853,0.0021,Low,0,0,59,9,0,0.661
P1854,0.0037,Low,0,0,75,8,1,0.502
P1855,0.0021,Low,0,0,82,13,2,0.686
P1856,0.693,High,1,1,63,31,3,0.506
P1857,0.0056,Low,0,0,61,12,1,0.572
P1858,0.0001,Low,0,0,51,22,2,0.713
P1859,0.0548,Low,0,0,83,16,1,0.898
P1860,1.0,High,1,1,79,11,9,1.604
P1861,0.0147,Low,0,0,51,8,2,0.765
P1862,0.0459,Low,0,0,48,15,1,0.751
P1863,0.0063,Low,0,0,89,11,0,0.512
P1864,0.0184,Low,0,0,45,3,1,0.683
P1865,0.015,Low,0,0,69,19,1,0.609
P1866,0.0052,Low,0,0,95,20,1,0.343
P1867,0.1348,Low,0,0,70,12,5,0.324
P1868,0.0044,Low,0,0,33,8,0,0.618
P1869,1.0,High,1,1,42,11,11,1.922
P1870,0.9505,High,1,1,33,15,5,1.019
P1871,0.0089,Low,0,0,58,15,1,0.748
P1872,0.0001,Low,0,0,29,12,0,0.596
P1873,1.0,High,1,1,65,19,12,1.949
P1874,0.0597,Low,0,0,58,27,0,0.535
P1875,0.0169,Low,0,0,79,16,0,0.575
P1876,1.0,High,1,1,75,26,8,1.168
P1877,1.0,High,1,1,45,14,13,1.355
P1878,0.018,Low,0,0,43,14,2,0.683
P1879,0.0002,Low,0,0,63,16,0,0.445
P1880,0.0034,Low,0,0,49,6,1,0.571
P1881,0.9749,High,1,1,65,27,6,0.742
P1882,0.0084,Low,0,0,69,14,1,0.574
P1883,1.0,High,1,1,52,19,12,1.255
P1884,0.9941,High,1,1,75,33,10,0.743
P1885,0.0001,Low,0,0,35,16,0,0.483
P1886,0.1065,Low,0,0,51,16,4,1.151
P1887,0.0309,Low,0,0,82,8,2,0.77
P1888,0.0466,Low,0,0,51,10,3,0.628
P1889,0.9822,High,1,1,27,23,6,0.652
P1890,0.1715,Low,0,0,51,10,2,0.541
P1891,0.018,Low,0,0,61,8,1,0.599
P1892,0.0002,Low,0,0,35,8,0,0.596
P1893,0.0426,Low,0,0,81,9,0,0.448
P1894,0.0053,Low,0,0,55,14,2,0.67
P1895,0.0037,Low,0,0,22,5,0,0.594
P1896,0.0002,Low,0,0,95,20,0,0.53
P1897,0.0003,Low,0,0,50,18,1,0.581
P1898,0.0372,Low,0,0,95,9,0,0.563
P1899,0.0003,Low,0,0,70,11,0,0.543
P1900,0.1203,Low,0,0,81,16,2,0.618
P1901,0.0113,Low,0,0,56,17,1,0.742
P1902,0.002,Low,0,0,64,7,1,0.429
P1903,0.0022,Low,0,0,68,17,1,0.645
P1904,0.4674,Medium,1,1,95,26,2,0.865
P1905,0.0181,Low,0,0,80,14,3,0.879
P1906,0.0473,Low,0,0,63,9,0,0.609
P1907,0.9973,High,1,1,48,21,11,1.165
P1908,0.0002,Low,0,0,45,13,0,0.609
P1909,0.0029,Low,0,0,52,15,0,0.724
P1910,1.0,High,1,1,80,18,8,1.28
P1911,1.0,High,1,1,77,11,15,1.645
P1912,0.2175,Low,0,1,66,15,2,0.58
P1913,0.023,Low,0,0,84,8,4,0.822
P1914,0.0092,Low,0,0,50,7,2,0.623
P1915,1.0,High,1,1,48,25,9,1.437
P1916,0.047,Low,0,0,70,12,1,0.524
P1917,0.0037,Low,0,0,37,5,3,0.874
P1918,0.0002,Low,0,0,65,16,0,0.648
P1919,0.0002,Low,0,0,77,14,3,0.62
P1920,0.0785,Low,0,0,49,13,1,0.737
P1921,0.998,High,1,1,66,21,5,1.125
P1922,0.0262,Low,0,0,95,21,1,0.594
P1923,1.0,High,1,1,48,12,10,1.484
P1924,0.0036,Low,0,0,89,9,0,0.64
P1925,0.0001,Low,0,0,41,12,0,0.484
P1926,0.011,Low,0,0,88,7,1,0.567
P1927,0.0966,Low,0,0,81,7,2,0.958
P1928,0.0001,Low,0,0,68,15,2,0.775
P1929,0.0057,Low,0,0,58,16,0,0.526
P1930,0.0103,Low,0,0,85,13,1,0.656
P1931,0.0017,Low,0,0,64,7,0,0.572
P1932,0.0002,Low,0,0,43,14,0,0.494
P1933,1.0,High,1,1,49,20,14,1.699
P1934,0.2138,Low,0,0,50,9,3,0.775
P1935,0.0024,Low,0,0,47,8,0,0.564
P1936,0.1502,Low,0,1,53,4,2,0.869
P1937,0.0591,Low,0,0,95,2,2,0.622
P1938,0.0049,Low,0,0,75,8,0,0.563
P1939,0.0422,Low,0,0,32,15,1,0.71
P1940,0.0179,Low,0,0,67,6,0,0.661
P1941,0.0684,Low,0,0,35,2,4,0.845
P1942,0.0308,Low,0,0,78,8,0,0.572
P1943,0.066,Low,0,0,54,7,1,0.794
P1944,0.0587,Low,0,0,58,3,0,0.609
P1945,0.0006,Low,0,0,58,15,3,0.983
P1946,0.008,Low,0,0,59,15,1,0.757
P1947,0.0002,Low,0,0,63,8,0,0.507
P1948,0.9666,High,1,1,38,19,7,0.839
P1949,0.0003,Low,0,0,29,13,0,0.608
P1950,0.0027,Low,0,0,54,14,0,0.561
P1951,0.0003,Low,0,0,89,10,2,0.698
P1952,0.053,Low,0,0,60,10,2,0.736
P1953,0.0129,Low,0,0,47,12,3,1.087
P1954,0.1963,Low,0,0,64,22,0,0.736
P1955,0.1642,Low,0,0,52,18,0,0.616
P1956,0.8891,High,1,1,38,23,9,0.823
P1957,0.1598,Low,0,0,48,5,1,0.938
P1958,0.0349,Low,0,0,62,10,0,0.608
P1959,0.1663,Low,0,0,66,7,0,0.613
P1960,0.9612,High,1,1,72,9,11,1.605
P1961,0.0183,Low,0,0,76,3,1,0.565
P1962,0.0267,Low,0,0,61,18,1,0.464
P1963,0.0204,Low,0,0,94,14,1,0.559
P1964,0.0323,Low,0,0,48,18,1,0.76
P1965,1.0,High,1,1,42,23,7,0.918
P1966,0.0568,Low,0,0,76,7,2,0.767
P1967,0.0023,Low,0,0,59,14,1,0.652
P1968,0.099,Low,0,0,61,14,3,0.812
P1969,0.9347,High,1,1,58,29,3,0.548
P1970,1.0,High,1,1,93,18,8,1.314
P1971,0.0052,Low,0,0,76,13,0,0.677
P1972,0.0006,Low,0,0,36,16,1,0.59
P1973,0.0051,Low,0,0,39,16,0,0.58
P1974,0.0002,Low,0,0,41,14,1,0.674
P1975,0.0054,Low,0,0,72,16,0,0.786
P1976,0.9289,High,1,1,44,33,7,0.819
P1977,0.3406,Medium,1,1,38,15,5,0.852
P1978,0.0023,Low,0,0,33,12,1,0.548
P1979,0.0074,Low,0,0,79,5,0,0.374
P1980,1.0,High,1,1,63,21,10,1.034
P1981,0.0004,Low,0,0,75,9,3,0.957
P1982,0.0121,Low,0,0,58,1,1,0.722
P1983,0.0001,Low,0,0,61,12,1,0.647
P1984,0.0325,Low,0,0,51,8,0,0.494
P1985,0.1113,Low,0,0,32,6,2,0.745
P1986,0.9996,High,1,1,65,19,8,0.829
P1987,0.0117,Low,0,0,40,13,3,0.918
P1988,0.0036,Low,0,0,50,11,0,0.495
P1989,0.0024,Low,0,0,83,13,0,0.578
P1990,0.0216,Low,0,0,68,10,1,0.655
P1991,0.0027,Low,0,0,66,8,2,0.808
P1992,0.0108,Low,0,0,71,16,1,0.589
P1993,0.0168,Low,0,0,45,12,0,0.546
P1994,0.7948,High,1,1,63,23,2,0.513
P1995,0.4869,Medium,1,1,87,23,1,0.863
P1996,0.1453,Low,0,0,53,3,1,0.693
P1997,1.0,High,1,1,50,10,9,0.971
P1998,0.0001,Low,0,0,87,15,3,0.696
P1999,0.0136,Low,0,0,90,15,1,0.555
